Description,Amount,Amount In USD,Created by,Created time
Cellphone Plan,"COP 80,000.00",,,"February 25, 2024 3:36 PM"
House Tax #1,"COP 150,000.00",,,"February 25, 2024 3:36 PM"
House Tax #2,"COP 200,000.00",,,"February 25, 2024 3:36 PM"
Mom's Phone Plan,"COP 40,000.00",,,"February 25, 2024 3:36 PM"
English Professor,"COP 670,000.00",,,"February 25, 2024 3:37 PM"
Dancing School,"COP 140,000.00",,,"February 25, 2024 3:37 PM"
Administration Service,"COP 400,000.00",,,"February 25, 2024 3:37 PM"
Cleaning Service,"COP 120,000.00",,,"February 25, 2024 3:37 PM"
Car's Fuel,"COP 150,000.00",,,"February 25, 2024 3:37 PM"
Cat Sand,"COP 80,000.00",,,"February 25, 2024 3:38 PM"
Nails,"COP 90,000.00",,,"February 25, 2024 3:38 PM"
Epilator,"COP 75,000.00",,,"February 25, 2024 3:38 PM"
Lunch@megatienda,"COP 36,000.00",,,"February 25, 2024 6:39 PM"
"Candy - holyweek@unico ","COP 5,000.00",,,"February 25, 2024 7:07 PM"
Brassiere@unico,"COP 140,000.00",,,"February 25, 2024 7:31 PM"
Cookie’s nails@amazon,"COP 150,000.00",,,"February 25, 2024 9:39 PM"
Groceries@megatienda,"COP 280,000.00",,,"February 25, 2024 10:10 PM"
"Donation@juanita ","COP 30,000.00",,,"February 27, 2024 11:17 PM"
Administration Service,"COP 400,000.00",,,"February 28, 2024 5:19 AM"
House Tax #1,"COP 150,000.00",,,"February 28, 2024 5:43 AM"
Dad's Cemetery Aid,"COP 50,000.00",,,"February 28, 2024 5:47 AM"
House Tax #2,"COP 200,000.00",,,"February 28, 2024 6:05 AM"
Pills,"COP 50,000.00",,,"February 28, 2024 6:06 AM"
Dancing School Transportation,"COP 20,000.00",,,"February 28, 2024 6:17 AM"
Water Service,"COP 130,000.00",,,"February 28, 2024 6:23 AM"
Cat Sand,"COP 80,000.00",,,"February 28, 2024 6:35 AM"
Cellphone Plan,"COP 80,000.00",,,"February 28, 2024 6:36 AM"
Mom's Health Insurance,"COP 165,000.00",,,"February 28, 2024 7:16 AM"
"Clothes @katty ","COP 50,000.00",,,"February 29, 2024 2:44 AM"
"Grandma @mass ","COP 50,000.00",,,"February 29, 2024 2:44 AM"
"Uncle’s money ","COP 100,000.00",,,"February 29, 2024 2:45 AM"
"Heller again ","COP 16,000.00",,,"March 1, 2024 1:01 AM"
Legs Treatment,"COP 50,000.00",,,"March 1, 2024 5:55 AM"
"Mr bono ","COP 15,000.00",,,"March 1, 2024 10:23 PM"
"Uncle ","COP 60,000.00",,,"March 2, 2024 11:50 PM"
"gym next month @vale  ","COP 122,000.00",,,"March 3, 2024 8:19 PM"
Snacks @Buenavista,"COP 30,000.00",,,"March 3, 2024 10:53 PM"
"Debt @falabeLa ","COP 820,000.00",,,"March 3, 2024 11:54 PM"
Gift @sra doris,"COP 170,000.00",,,"March 3, 2024 11:54 PM"
"Cash @bv ","COP 40,000.00",,,"March 3, 2024 11:55 PM"
Groceries @exito,"COP 180,000.00",,,"March 4, 2024 12:35 AM"
"Dress @exito ","COP 50,000.00",,,"March 4, 2024 12:46 AM"
Transportation @matumbe,"COP 18,000.00",,,"March 4, 2024 11:30 PM"
Hair Saloon,"COP 100,000.00",,,"March 5, 2024 7:11 AM"
"Donation ","COP 20,000.00",,,"March 8, 2024 2:19 AM"
"Bread ","COP 22,000.00",,,"March 8, 2024 2:20 AM"
Epilator,"COP 75,000.00",,,"March 8, 2024 7:05 AM"
"uber @legs appointment ","COP 21,000.00",,,"March 8, 2024 1:13 PM"
Gym event @uber,"COP 10,000.00",,,"March 9, 2024 12:53 AM"
Alkomprar #1 Credit,"COP 400,000.00",,,"March 10, 2024 3:26 AM"
House Tax #2,"COP 200,000.00",,,"March 10, 2024 3:27 AM"
Mom's Phone Plan,"COP 40,000.00",,,"March 10, 2024 3:27 AM"
Dancing School,"COP 140,000.00",,,"March 10, 2024 3:27 AM"
Administration Service,"COP 400,000.00",,,"March 10, 2024 3:27 AM"
Gym,"COP 400,000.00",,,"March 10, 2024 3:28 AM"
Trainer,"COP 168,000.00",,,"March 10, 2024 3:28 AM"
Cleaning Service,"COP 120,000.00",,,"March 10, 2024 3:29 AM"
Dancing School Transportation,"COP 20,000.00",,,"March 10, 2024 3:29 AM"
Car's Fuel,"COP 180,000.00",,,"March 10, 2024 3:29 AM"
Car's Insurance,"COP 3,500,000.00",,,"March 10, 2024 3:31 AM"
Cat Food,"COP 300,000.00",,,"March 10, 2024 3:32 AM"
Nails,"COP 130,000.00",,,"March 10, 2024 3:33 AM"
Pills,"COP 50,000.00",,,"March 10, 2024 3:33 AM"
Epilator,"COP 75,000.00",,,"March 10, 2024 3:34 AM"
Credit Card Debt,"COP 1,500,000.00",,,"March 10, 2024 3:34 AM"
D1,"COP 33,000.00",,,"March 10, 2024 4:38 PM"
"Pretzel ","COP 11,500.00",,,"March 10, 2024 9:03 PM"
Groceries @exito,"COP 280,000.00",,,"March 11, 2024 12:24 AM"
"Cake test ","COP 25,000.00",,,"March 11, 2024 10:37 PM"
"Dinner with Lolo ","COP 35,000.00",,,"March 13, 2024 1:58 AM"
Dancing School Transportation,"COP 20,000.00",,,"March 13, 2024 5:16 AM"
Uber @piamonte,"COP 11,000.00",,,"March 16, 2024 2:02 AM"
"Cake @my birthday ","COP 150,000.00",,,"March 16, 2024 5:06 PM"
"Snack @maema ","COP 24,000.00",,,"March 16, 2024 8:36 PM"
Holy Week @dessert,"COP 10,000.00",,,"March 18, 2024 12:24 AM"
"Uber @nails ","COP 12,000.00",,,"March 18, 2024 10:05 PM"
Dancing School Transportation,"COP 20,000.00",,,"March 20, 2024 7:28 AM"
"Uber @matumbe ","COP 16,000.00",,,"March 20, 2024 11:18 PM"
"Snack ","COP 15,000.00",,,"March 20, 2024 11:18 PM"
Cats’ Funeral Insurance,"COP 140,000.00",,,"March 21, 2024 8:32 PM"
Snack @la suprema,"COP 35,000.00",,,"March 24, 2024 3:47 PM"
"PriceSmart ","COP 93,000.00",,,"March 24, 2024 5:33 PM"
"Lunch ","COP 36,000.00",,,"March 24, 2024 7:24 PM"
"Furniture ","COP 30,000.00",,,"March 24, 2024 9:47 PM"
Groceries,"COP 217,000.00",,,"March 25, 2024 12:05 AM"
"Shoes ","COP 50,000.00",,,"March 25, 2024 4:52 PM"
"peaje ","COP 30,000.00",,,"March 25, 2024 5:06 PM"
"Heller ","COP 14,000.00",,,"March 26, 2024 5:44 PM"
"Cake ","COP 80,000.00",,,"March 27, 2024 4:52 PM"
"Almond milk break ","COP 20,000.00",,,"March 27, 2024 4:56 PM"
"Medicine ","COP 15,000.00",,,"March 27, 2024 6:56 PM"
"Uber ","COP 15,000.00",,,"March 27, 2024 10:43 PM"
Cellphone Plan,"COP 80,000.00",,,"March 28, 2024 6:54 AM"
"Gift ","COP 70,000.00",,,"March 29, 2024 1:56 PM"
"Tshirt ","COP 23,000.00",,,"March 30, 2024 8:08 PM"
Dress,"COP 70,000.00",,,"March 30, 2024 9:05 PM"
"Bakery ","COP 22,000.00",,,"March 31, 2024 1:23 AM"
"Extra nails ","COP 60,000.00",,,"March 31, 2024 4:45 PM"
"Uber ","COP 12,000.00",,,"March 31, 2024 5:00 PM"
"Lunch ","COP 30,000.00",,,"March 31, 2024 9:28 PM"
Candy holiweek,"COP 6,000.00",,,"March 31, 2024 10:49 PM"
Groceries sodexo,"COP 205,000.00",,,"March 31, 2024 11:31 PM"
Administration Service,"COP 400,000.00",,,"April 1, 2024 5:09 AM"
Gas Service,"COP 30,000.00",,,"April 1, 2024 5:36 AM"
Legs Treatment,"COP 50,000.00",,,"April 1, 2024 5:57 AM"
Electricity Service,"COP 600,000.00",,,"April 1, 2024 6:07 AM"
Credit Card Debt,"COP 1,500,000.00",,,"April 1, 2024 6:39 AM"
Cat Food,"COP 300,000.00",,,"April 1, 2024 6:42 AM"
Mom's Phone Plan,"COP 40,000.00",,,"April 1, 2024 6:55 AM"
Nails,"COP 130,000.00",,,"April 1, 2024 6:55 AM"
Funeral Plan,"COP 20,000.00",,,"April 1, 2024 7:04 AM"
Water Service,"COP 130,000.00",,,"April 1, 2024 7:50 AM"
"Food ","COP 50,000.00",,,"April 1, 2024 4:59 PM"
"Uber @heller ","COP 23,000.00",,,"April 1, 2024 8:54 PM"
Car’s cam,"COP 70,000.00",,,"April 2, 2024 3:26 PM"
ATM - appointment and cheese,"COP 80,000.00",,,"April 3, 2024 3:37 PM"
"Uber ","COP 15,000.00",,,"April 3, 2024 5:32 PM"
Epilator,"COP 75,000.00",,,"April 5, 2024 5:00 AM"
"Dinner ","COP 40,000.00",,,"April 6, 2024 12:49 AM"
"Blood lab ","COP 40,000.00",,,"April 6, 2024 11:34 AM"
"Car liquid ","COP 50,000.00",,,"April 6, 2024 4:41 PM"
"Appointment ","COP 60,000.00",,,"April 6, 2024 4:42 PM"
"Dinner ","COP 43,000.00",,,"April 7, 2024 3:13 AM"
Andrea gift and dinner,"COP 160,000.00",,,"April 7, 2024 3:22 PM"
"Dental cleaning ","COP 150,000.00",,,"April 8, 2024 10:38 PM"
"Exam ","COP 30,000.00",,,"April 11, 2024 12:54 AM"
"uncle ","COP 60,000.00",,,"April 11, 2024 8:52 PM"
"Clothes ","COP 50,000.00",,,"April 13, 2024 1:14 AM"
"mom ","COP 70,000.00",,,"April 14, 2024 6:53 PM"
"Farmatodo ","COP 15,000.00",,,"April 14, 2024 8:46 PM"
Grocery- 152 sodexo,"COP 200,000.00",,,"April 14, 2024 9:10 PM"
D1,"COP 55,000.00",,,"April 15, 2024 11:13 PM"
Epilator,"COP 75,000.00",,,"April 19, 2024 5:00 AM"
"Home center ","COP 40,000.00",,,"April 20, 2024 11:17 PM"
"Snack ","COP 18,000.00",,,"April 21, 2024 8:58 PM"
"Donation ","COP 20,000.00",,,"April 21, 2024 11:28 PM"
Groceries + diet,"COP 330,000.00",,,"April 22, 2024 2:05 AM"
"Birth certificate ","COP 20,000.00",,,"April 22, 2024 6:32 PM"
"Cheese ","COP 30,000.00",,,"April 24, 2024 8:33 PM"
"Dermatology ","COP 400,000.00",,,"April 27, 2024 3:36 PM"
"Dermatology appointment ","COP 45,000.00",,,"April 27, 2024 6:12 PM"
"T shirt ","COP 25,000.00",,,"April 27, 2024 8:59 PM"
"Dinner ","COP 40,000.00",,,"April 28, 2024 3:20 AM"
Cellphone Plan,"COP 80,000.00",,,"April 28, 2024 5:02 AM"
"Snack ","COP 25,000.00",,,"April 28, 2024 8:28 PM"
"Uber jaime ","COP 7,000.00",,,"April 30, 2024 3:16 PM"
Lasagna x2,"COP 60,000.00",,,"May 1, 2024 3:03 AM"
Hair Dresser For Concert,"COP 100,000.00",,,"May 1, 2024 3:04 AM"
Pills,"COP 50,000.00",,,"May 1, 2024 5:00 AM"
Cat Food,"COP 300,000.00",,,"May 1, 2024 5:02 AM"
Mom's Health Insurance,"COP 165,000.00",,,"May 1, 2024 5:02 AM"
Alkomprar #2 Credit,"COP 210,000.00",,,"May 1, 2024 5:02 AM"
Funeral Plan,"COP 20,000.00",,,"May 1, 2024 5:02 AM"
"Vale gym ","COP 122,500.00",,,"May 2, 2024 2:51 PM"
"Uber ","COP 20,000.00",,,"May 4, 2024 12:03 AM"
Cheese,"COP 20,000.00",,,"May 6, 2024 1:04 AM"
"Groceries + Sodexo ","COP 260,000.00",,,"May 6, 2024 1:53 AM"
Dancing School Transportation,"COP 20,000.00",,,"May 8, 2024 7:44 AM"
"Uber Untitled (https://app.notion.com/p/f58e45f1999147d8b47078b96c9617cd?pvs=21) ","COP 30,000.00",,,"May 9, 2024 1:57 PM"
"Dad’s baptism doc ","COP 40,000.00",,,"May 10, 2024 9:40 PM"
"Uber Dad’s baptism doc  (https://app.notion.com/p/632ea1ab4f094aaeaedf4664b74a9039?pvs=21) ","COP 20,000.00",,,"May 10, 2024 9:41 PM"
"Tefy gift ","COP 110,000.00",,,"May 12, 2024 3:12 PM"
Amalfi - Vale loan,"COP 300,000.00",,,"May 12, 2024 7:05 PM"
Snack,"COP 20,000.00",,,"May 12, 2024 10:14 PM"
"Aleja’s gift ","COP 60,000.00",,,"May 13, 2024 10:54 PM"
"Uber @portal ","COP 20,000.00",,,"May 13, 2024 11:59 PM"
Dancing School Transportation,"COP 20,000.00",,,"May 15, 2024 7:16 AM"
Epilator,"COP 75,000.00",,,"May 17, 2024 6:17 AM"
"Dani 3 months ","COP 365,000.00",,,"May 17, 2024 5:44 PM"
"Exito ","COP 20,000.00",,,"May 17, 2024 11:35 PM"
"Mug ","COP 10,000.00",,,"May 18, 2024 10:50 PM"
"water ","COP 3,500.00",,,"May 18, 2024 11:03 PM"
"Price mart ","COP 90,000.00",,,"May 19, 2024 5:29 PM"
"Water ","COP 10,000.00",,,"May 20, 2024 12:26 AM"
"Groceries ","COP 200,000.00",,,"May 20, 2024 12:58 AM"
"Juanpi loan ","COP 70,000.00",,,"May 22, 2024 12:57 AM"
Valentina loan,"COP 70,000.00",,,"May 23, 2024 1:52 AM"
"Uber porto azul ","COP 25,000.00",,,"May 24, 2024 9:30 PM"
"Snack ","COP 15,000.00",,,"May 24, 2024 9:30 PM"
"Groceries ","COP 140,000.00",,,"May 27, 2024 1:29 AM"
Cellphone Plan,"COP 80,000.00",,,"May 28, 2024 6:29 AM"
Dancing School Transportation,"COP 20,000.00",,,"May 29, 2024 6:12 AM"
"Snack ","COP 15,000.00",,,"May 30, 2024 12:31 AM"
"Gym celebration ","COP 25,000.00",,,"May 30, 2024 7:42 PM"
"Tío jaime loan ","COP 50,000.00",,,"May 30, 2024 7:42 PM"
"Exam ","COP 50,000.00",,,"May 30, 2024 8:54 PM"
"Uber daniela ","COP 23,000.00",,,"May 31, 2024 4:02 AM"
Epilator,"COP 75,000.00",,,"May 31, 2024 7:28 AM"
"Uber legs ","COP 12,000.00",,,"May 31, 2024 3:08 PM"
Water Service,"COP 130,000.00",,,"June 1, 2024 5:21 AM"
House Tax #2,"COP 200,000.00",,,"June 1, 2024 5:42 AM"
Legs Treatment,"COP 50,000.00",,,"June 1, 2024 5:53 AM"
Car's Fuel,"COP 180,000.00",,,"June 1, 2024 6:07 AM"
Nails,"COP 130,000.00",,,"June 1, 2024 6:23 AM"
Gas Service,"COP 30,000.00",,,"June 1, 2024 6:39 AM"
Pills,"COP 50,000.00",,,"June 1, 2024 6:49 AM"
Mom's Phone Plan,"COP 40,000.00",,,"June 1, 2024 6:51 AM"
Credit Card Debt,"COP 1,500,000.00",,,"June 1, 2024 6:52 AM"
English Professor,"COP 670,000.00",,,"June 1, 2024 6:59 AM"
Cleaning Service,"COP 120,000.00",,,"June 1, 2024 7:07 AM"
Dancing School,"COP 140,000.00",,,"June 1, 2024 7:25 AM"
Administration Service,"COP 400,000.00",,,"June 1, 2024 7:40 AM"
"Uber- Hair ","COP 20,000.00",,,"June 1, 2024 3:15 PM"
"Snack ","COP 21,000.00",,,"June 2, 2024 3:36 PM"
"Nancy’s lunch ","COP 91,000.00",,,"June 2, 2024 9:16 PM"
"Nancy’s spa ","COP 150,000.00",,,"June 3, 2024 8:26 PM"
"Cats snack ","COP 20,000.00",,,"June 3, 2024 8:57 PM"
"Uber - appointment ","COP 7,000.00",,,"June 4, 2024 11:57 AM"
"Pat primo mom gift card ","COP 35,000.00",,,"June 7, 2024 10:45 PM"
"Snack ","COP 10,000.00",,,"June 7, 2024 10:45 PM"
"Green juice ","COP 13,000.00",,,"June 8, 2024 2:07 PM"
"Dinner ","COP 20,000.00",,,"June 9, 2024 3:08 PM"
"Movie ","COP 110,000.00",,,"June 9, 2024 3:08 PM"
"Lunch ","COP 40,000.00",,,"June 9, 2024 3:15 PM"
Price mart,"COP 160,000.00",,,"June 10, 2024 5:14 PM"
"Decatlón ","COP 55,000.00",,,"June 10, 2024 9:25 PM"
Grocery exito,"COP 138,000.00",,,"June 10, 2024 11:33 PM"
Dancing School Transportation,"COP 20,000.00",,,"June 12, 2024 6:18 AM"
Epilator,"COP 75,000.00",,,"June 14, 2024 7:07 AM"
Dad's Flowers,"COP 60,000.00",,,"June 15, 2024 5:00 AM"
"Dermatologist ","COP 46,000.00",,,"June 15, 2024 2:56 PM"
"Exito ","COP 12,000.00",,,"June 15, 2024 3:04 PM"
"Green juice ","COP 13,000.00",,,"June 18, 2024 1:02 PM"
"Mom ","COP 20,000.00",,,"June 18, 2024 8:07 PM"
"Bakery ","COP 2,000.00",,,"June 22, 2024 5:28 PM"
"Directv ","COP 50,000.00",,,"June 22, 2024 5:29 PM"
Newspaper Subscription,"COP 200,000.00",,,"June 23, 2024 7:15 AM"
Dancing School Transportation,"COP 20,000.00",,,"June 26, 2024 5:34 AM"
"Heller cleaning ","COP 150,000.00",,,"June 26, 2024 9:21 PM"
"Éxito ","COP 40,000.00",,,"June 27, 2024 12:07 AM"
Epilator,"COP 75,000.00",,,"June 28, 2024 7:30 AM"
"Green juice ","COP 13,000.00",,,"June 29, 2024 2:49 AM"
cheese fingers + dip,"COP 50,000.00",,,"June 29, 2024 3:40 PM"
English Professor,"COP 670,000.00",,,"July 1, 2024 5:05 AM"
House Tax #2,"COP 200,000.00",,,"July 1, 2024 5:11 AM"
Cat Sand,"COP 80,000.00",,,"July 1, 2024 5:37 AM"
Cleaning Service,"COP 120,000.00",,,"July 1, 2024 5:38 AM"
Internet + T.V + Phone Service,"COP 130,000.00",,,"July 1, 2024 5:39 AM"
Credit Card Debt,"COP 1,500,000.00",,,"July 1, 2024 5:39 AM"
Funeral Plan,"COP 20,000.00",,,"July 1, 2024 6:20 AM"
Nails,"COP 130,000.00",,,"July 1, 2024 6:38 AM"
Pills,"COP 50,000.00",,,"July 1, 2024 6:53 AM"
Car's Fuel,"COP 180,000.00",,,"July 1, 2024 6:54 AM"
Gas Service,"COP 30,000.00",,,"July 1, 2024 7:09 AM"
Dancing School,"COP 140,000.00",,,"July 1, 2024 7:12 AM"
Electricity Service,"COP 600,000.00",,,"July 1, 2024 7:41 AM"
"Uber ","COP 17,000.00",,,"July 1, 2024 1:44 PM"
"Groceries ","COP 225,000.00",,,"July 2, 2024 12:58 AM"
Master Debt Payment,,"$1,950.00",,"July 3, 2024 12:26 AM"
"Xavier gift ","COP 40,000.00",,,"July 5, 2024 8:19 PM"
"Salbutamol ","COP 25,000.00",,,"July 7, 2024 12:52 AM"
"Tensiometer ","COP 47,000.00",,,"July 9, 2024 12:40 AM"
"Beach class with cynan ","COP 70,000.00",,,"July 9, 2024 1:34 AM"
"Jean - raffle ","COP 10,000.00",,,"July 9, 2024 3:15 PM"
"Air conditioning cleaning ","COP 100,000.00",,,"July 10, 2024 7:48 PM"
"Bread ","COP 20,000.00",,,"July 12, 2024 11:04 PM"
"Head band ","COP 15,000.00",,,"July 13, 2024 5:16 PM"
"Uncle’s loan ","COP 50,000.00",,,"July 13, 2024 5:24 PM"
Hayaca,"COP 20,000.00",,,"July 13, 2024 6:17 PM"
"Grocery ","COP 300,000.00",,,"July 14, 2024 7:31 PM"
"Moys ","COP 150,000.00",,,"July 15, 2024 3:50 AM"
"Chair ","COP 50,000.00",,,"July 18, 2024 2:18 PM"
"Uber @appointment ","COP 6,000.00",,,"July 18, 2024 2:49 PM"
"Pharmacy ","COP 50,000.00",,,"July 18, 2024 5:31 PM"
"Rappi ","COP 30,000.00",,,"July 20, 2024 1:07 AM"
"Uber ","COP 10,000.00",,,"July 20, 2024 11:59 PM"
"Mary’s gift ",,,,"July 22, 2024 12:04 AM"
"Acetaminophen ","COP 20,000.00",,,"July 22, 2024 11:21 AM"
"Notaría ","COP 120,000.00",,,"July 22, 2024 11:18 PM"
"D1 ","COP 20,000.00",,,"July 24, 2024 10:46 PM"
"Mom gift - card pat primo July ","COP 100,000.00",,,"July 24, 2024 10:46 PM"
"Sura ","COP 200,000.00",,,"July 27, 2024 5:02 PM"
Cellphone Plan,"COP 80,000.00",,,"July 28, 2024 6:53 AM"
"Groceries ","COP 250,000.00",,,"July 28, 2024 6:02 PM"
"T shirt ","COP 40,000.00",,,"July 28, 2024 9:36 PM"
"Exito ","COP 35,000.00",,,"July 28, 2024 11:09 PM"
"Green juice ",,,,"July 31, 2024 2:48 PM"
Pills,"COP 50,000.00",,,"August 1, 2024 5:01 AM"
Water Service,"COP 130,000.00",,,"August 1, 2024 5:12 AM"
Cleaning Service,"COP 120,000.00",,,"August 1, 2024 5:17 AM"
Mom's Health Insurance,"COP 165,000.00",,,"August 1, 2024 5:51 AM"
English Professor,"COP 670,000.00",,,"August 1, 2024 5:52 AM"
Car's Fuel,"COP 180,000.00",,,"August 1, 2024 6:03 AM"
House Tax #2,"COP 200,000.00",,,"August 1, 2024 6:08 AM"
Nails,"COP 130,000.00",,,"August 1, 2024 6:13 AM"
Cat Sand,"COP 80,000.00",,,"August 1, 2024 6:17 AM"
Credit Card Debt,"COP 1,500,000.00",,,"August 1, 2024 6:39 AM"
Internet + T.V + Phone Service,"COP 130,000.00",,,"August 1, 2024 6:48 AM"
Gas Service,"COP 30,000.00",,,"August 1, 2024 6:51 AM"
Dad's Cemetery Aid,"COP 50,000.00",,,"August 1, 2024 6:54 AM"
Legs Treatment,"COP 50,000.00",,,"August 1, 2024 7:06 AM"
Funeral Plan,"COP 20,000.00",,,"August 1, 2024 7:14 AM"
"Dessert ","COP 30,000.00",,,"August 1, 2024 2:35 PM"
"Uber - documents ","COP 15,000.00",,,"August 1, 2024 4:39 PM"
"Éxito ","COP 50,000.00",,,"August 2, 2024 12:38 AM"
"T shirt ","COP 31,000.00",,,"August 3, 2024 7:21 PM"
"Groceries ","COP 40,000.00",,,"August 4, 2024 11:41 PM"
"Uber ","COP 20,000.00",,,"August 5, 2024 11:15 PM"
Rappi,"COP 20,000.00",,,"August 5, 2024 11:27 PM"
Epilator,"COP 75,000.00",,,"August 9, 2024 5:54 AM"
"Uber dr Garrido ","COP 25,000.00",,,"August 9, 2024 7:36 PM"
"Dr Garrido ","COP 130,000.00",,,"August 9, 2024 7:36 PM"
"Mr bono ","COP 15,000.00",,,"August 9, 2024 9:49 PM"
"groceries ","COP 200,000.00",,,"August 10, 2024 2:11 PM"
Dad's Flowers,"COP 60,000.00",,,"August 15, 2024 7:02 AM"
"snack ","COP 12,000.00",,,"August 15, 2024 9:23 PM"
"Uber @appointment ","COP 30,000.00",,,"August 16, 2024 12:54 PM"
"Umbrella ","COP 30,000.00",,,"August 16, 2024 11:13 PM"
Dancing School Transportation,"COP 20,000.00",,,"August 21, 2024 6:23 AM"
D1,"COP 40,000.00",,,"August 21, 2024 10:59 PM"
Epilator,"COP 75,000.00",,,"August 23, 2024 5:23 AM"
"Bowling + Uber ","COP 42,000.00",,,"August 24, 2024 2:52 PM"
"Groceries ","COP 240,000.00",,,"August 24, 2024 2:52 PM"
"Cookie’s Vaccine ","COP 20,000.00",,,"August 24, 2024 2:55 PM"
Cellphone Plan,"COP 80,000.00",,,"August 28, 2024 7:15 AM"
"Groceries ","COP 200,000.00",,,"August 31, 2024 8:04 PM"
"Uber ","COP 20,000.00",,,"August 31, 2024 8:06 PM"
Rappi,"COP 20,000.00",,,"August 31, 2024 8:07 PM"
"Mom’s birthday ","COP 120,000.00",,,"September 1, 2024 3:20 AM"
Personal Trainer,"COP 250,000.00",,,"September 1, 2024 5:09 AM"
Gas Service,"COP 30,000.00",,,"September 1, 2024 6:05 AM"
English Professor,"COP 670,000.00",,,"September 1, 2024 6:19 AM"
Hair Saloon,"COP 100,000.00",,,"September 1, 2024 6:35 AM"
Pills,"COP 50,000.00",,,"September 1, 2024 6:42 AM"
Dancing School,"COP 140,000.00",,,"September 1, 2024 6:49 AM"
Administration Service,"COP 400,000.00",,,"September 1, 2024 7:12 AM"
Car's Fuel,"COP 180,000.00",,,"September 1, 2024 7:15 AM"
Funeral Plan,"COP 20,000.00",,,"September 1, 2024 7:27 AM"
Cleaning Service,"COP 120,000.00",,,"September 1, 2024 7:43 AM"
Internet + T.V + Phone Service,"COP 130,000.00",,,"September 1, 2024 7:48 AM"
Mom's Health Insurance,"COP 165,000.00",,,"September 1, 2024 7:58 AM"
"Snack ","COP 16,000.00",,,"September 1, 2024 11:45 PM"
"Sand ","COP 30,000.00",,,"September 2, 2024 1:33 PM"
"Dad ‘s mass ","COP 30,000.00","$30,000.00",,"September 2, 2024 6:00 PM"
"Car review ","COP 130,000.00",,,"September 2, 2024 9:25 PM"
"Sweater ","COP 100,000.00",,,"September 3, 2024 4:01 PM"
"Somo dinner ","COP 40,000.00",,,"September 4, 2024 1:59 AM"
Dancing School Transportation,"COP 20,000.00",,,"September 4, 2024 6:46 AM"
Somo lunch 2,"COP 93,000.00",,,"September 5, 2024 4:32 PM"
"Dad’s docs ","COP 60,000.00",,,"September 5, 2024 8:58 PM"
Epilator,"COP 75,000.00",,,"September 6, 2024 5:37 AM"
"Notary ","COP 20,000.00",,,"September 6, 2024 9:24 PM"
"Brasier ","COP 13,000.00",,,"September 8, 2024 10:05 PM"
"Éxito ","COP 50,000.00",,,"September 9, 2024 5:48 PM"
"Uber ","COP 20,000.00",,,"September 9, 2024 7:33 PM"
"Boina ","COP 42,000.00",,,"September 10, 2024 5:54 PM"
"Dolex ","COP 18,000.00",,,"September 10, 2024 10:50 PM"
Dancing School Transportation,"COP 20,000.00",,,"September 11, 2024 5:41 AM"
"T shirt ","COP 110,000.00",,,"September 14, 2024 10:08 PM"
"Antibacterial ","COP 10,000.00",,,"September 14, 2024 10:09 PM"
"Dollar city ","COP 45,000.00",,,"September 15, 2024 10:47 PM"
"Home center ","COP 58,000.00",,,"September 15, 2024 10:48 PM"
"Splash ","COP 20,000.00",,,"September 15, 2024 11:25 PM"
"Bakery ","COP 15,000.00",,,"September 21, 2024 5:06 PM"
"Fit choices ","COP 37,000.00",,,"September 21, 2024 9:44 PM"
"Panties ","COP 30,000.00",,,"September 22, 2024 9:21 PM"
Uber,"COP 15,000.00",,,"September 23, 2024 9:24 PM"
"Snack ","COP 30,000.00",,,"September 24, 2024 12:00 AM"
"Éxito ","COP 35,000.00",,,"September 26, 2024 5:21 PM"
"Uber ","COP 20,000.00",,,"September 26, 2024 5:22 PM"
Maema,"COP 40,000.00",,,"October 16, 2024 12:44 AM"
"Bakery ","COP 30,000.00",,,"October 16, 2024 11:27 PM"
"Shake ","COP 28,000.00",,,"October 17, 2024 10:32 PM"
"Notary- dad  ","COP 170,000.00",,,"October 18, 2024 5:40 PM"
"Uncle’s lunch ","COP 150,000.00",,,"October 18, 2024 7:48 PM"
"Me bono ","COP 10,000.00",,,"October 19, 2024 9:14 PM"
Eurotrip,"COP 3,010,000.00",,,"October 20, 2024 4:30 PM"
"DOLLARCITY ","COP 30,000.00",,,"October 21, 2024 12:01 AM"
"Dinner ","COP 30,000.00",,,"October 21, 2024 12:15 AM"
"Droguería ","COP 17,000.00",,,"October 21, 2024 3:34 PM"
"Limpieza- Heller ","COP 150,000.00",,,"October 22, 2024 12:32 AM"
"Loan Toto ","COP 200,000.00",,,"October 22, 2024 7:01 PM"
"Lavandería ","COP 40,000.00",,,"October 22, 2024 7:02 PM"
"Matumbe Halloween  ","COP 35,000.00",,,"October 24, 2024 4:15 PM"
"Uber ","COP 12,000.00",,,"October 24, 2024 4:16 PM"
"Clothes for gym ","COP 120,000.00",,,"October 24, 2024 10:22 PM"
"Medicine ","COP 14,000.00",,,"October 25, 2024 11:40 AM"
"Lunch ","COP 18,000.00",,,"October 25, 2024 4:30 PM"
"Disfraz y flores ","COP 200,000.00",,,"October 25, 2024 10:33 PM"
"Uber ","COP 20,000.00",,,"October 25, 2024 11:26 PM"
"Grocery ","COP 220,000.00",,,"October 26, 2024 1:47 PM"
"Shake ","COP 13,000.00",,,"October 26, 2024 10:01 PM"
"Snack ","COP 15,000.00",,,"October 27, 2024 10:23 PM"
"Uber ","COP 10,000.00",,,"October 28, 2024 2:50 AM"
"Snack ","COP 20,000.00",,,"October 28, 2024 11:18 PM"
"Uber ","COP 20,000.00",,,"November 1, 2024 12:52 PM"
"Lunch ","COP 25,000.00",,,"November 2, 2024 1:42 AM"
"Cash ","COP 50,000.00",,,"November 2, 2024 1:18 PM"
"Meat ","COP 40,000.00",,,"November 2, 2024 1:20 PM"
Grocery,,,,"November 2, 2024 2:11 PM"
"Teres birthday ","COP 100,000.00",,,"November 3, 2024 10:47 PM"
"Cadena ","COP 30,000.00",,,"November 4, 2024 9:50 PM"
"Mr bono ","COP 8,000.00",,,"November 4, 2024 9:50 PM"
"Juice ","COP 15,000.00",,,"November 5, 2024 5:40 PM"
"Appointment ","COP 60,000.00",,,"November 5, 2024 11:16 PM"
sassy,"COP 50,000.00",,,"November 6, 2024 7:49 PM"
"Notaría ","COP 400,000.00",,,"November 7, 2024 6:39 PM"
"Notaría ","COP 100,000.00",,,"November 8, 2024 5:33 PM"
"kika ","COP 70,000.00",,,"November 8, 2024 9:23 PM"
"Katherine gift ","COP 80,000.00",,,"November 8, 2024 9:24 PM"
"Price mart ","COP 100,000.00",,,"November 10, 2024 9:13 PM"
"Shoes ","COP 60,000.00",,,"November 10, 2024 10:05 PM"
Sandwich Maker,"COP 40,000.00",,,"November 10, 2024 11:28 PM"
"Snack ","COP 20,000.00",,,"November 11, 2024 10:02 PM"
"Uber ","COP 20,000.00",,,"November 13, 2024 11:18 PM"
"Uber ","COP 23,000.00",,,"November 15, 2024 5:00 PM"
"Groceries ","COP 230,000.00",,,"November 16, 2024 1:31 PM"
"Lunch ","COP 25,000.00",,,"November 16, 2024 5:26 PM"
Mi 30 ñero,"COP 230,000.00",,,"November 17, 2024 2:44 AM"
"Uber ","COP 30,000.00",,,"November 20, 2024 2:47 PM"
"Lunch ","COP 20,000.00",,,"November 20, 2024 4:08 PM"
"Snack ",,"$20,000.00",,"November 21, 2024 12:06 AM"
"Uber ","COP 15,000.00",,,"November 23, 2024 3:51 PM"
"Shoes ","COP 100,000.00",,,"November 23, 2024 10:36 PM"
"Dinner ","COP 30,000.00",,,"November 25, 2024 2:04 AM"
"Uber ","COP 20,000.00",,,"November 25, 2024 11:02 AM"
"Labs ","COP 30,000.00",,,"November 25, 2024 11:02 AM"
Macbook,"COP 3,000,000.00",,,"December 9, 2024 5:36 PM"
il forno,"COP 90,000.00",,,"December 9, 2024 5:47 PM"
maro’s gift,"COP 50,000.00",,,"December 9, 2024 5:48 PM"
hotel,"COP 200,000.00",,,"December 9, 2024 5:49 PM"
didi,"COP 30,000.00",,,"December 9, 2024 5:49 PM"
vale’s cake,"COP 150,000.00",,,"December 9, 2024 5:50 PM"
sastreria,"COP 60,000.00",,,"December 9, 2024 5:50 PM"
groceries,"COP 220,000.00",,,"December 9, 2024 5:51 PM"
"Garosa ","COP 40,000.00",,,"December 12, 2024 12:40 AM"
"Lunch ","COP 28,000.00",,,"December 14, 2024 5:04 PM"
Shoes,"COP 120,000.00",,,"December 15, 2024 11:29 PM"
"Vale’s bday ","COP 248,000.00",,,"December 17, 2024 4:58 PM"
"Lourdes gift ","COP 70,000.00",,,"December 17, 2024 6:12 PM"
D1,"COP 70,000.00",,,"December 18, 2024 9:45 PM"
"Uber ","COP 20,000.00",,,"December 18, 2024 9:45 PM"
"jam bread ","COP 60,000.00",,,"December 20, 2024 7:58 PM"
"Snack ","COP 30,000.00",,,"December 20, 2024 7:59 PM"
"Uber ","COP 20,000.00",,,"December 22, 2024 11:04 AM"
"Dani’s breakfast  ","COP 40,000.00",,,"December 22, 2024 11:04 AM"
"Shampoo ","COP 200,000.00",,,"December 22, 2024 11:15 PM"
Aleja’s gift,"COP 50,000.00",,,"December 23, 2024 12:34 AM"
"Snack ","COP 20,000.00",,,"December 23, 2024 7:19 PM"
"Dinner ","COP 50,000.00",,,"December 26, 2024 12:09 AM"
"Course ","COP 42,000.00",,,"December 27, 2024 5:46 PM"
Dress,"COP 150,000.00",,,"December 30, 2024 4:08 AM"
"Shoes ","COP 80,000.00",,,"December 30, 2024 4:08 AM"
"Lunch ","COP 50,000.00",,,"December 30, 2024 8:22 PM"
"Cookies ","COP 350,000.00",,,"December 31, 2024 1:16 AM"
"Transportation ","COP 120,000.00",,,"December 31, 2024 1:40 PM"
Grocery,"COP 230,000.00",,,"January 4, 2025 2:58 PM"
Hotel,"COP 900,000.00",,,"January 4, 2025 2:58 PM"
"Trip ","COP 600,000.00",,,"January 4, 2025 3:00 PM"
D1,"COP 50,000.00",,,"January 9, 2025 1:36 PM"
"Ginecología ","COP 50,000.00",,,"January 9, 2025 9:01 PM"
"Groceries ","COP 220,000.00",,,"January 11, 2025 3:31 PM"
"Dinner ","COP 50,000.00",,,"January 12, 2025 11:13 PM"
"Groceries ","COP 230,000.00",,,"January 27, 2025 8:08 PM"
"Uber ","COP 20,000.00",,,"January 28, 2025 10:47 AM"
"Farmacia ","COP 20,000.00",,,"January 28, 2025 10:47 AM"
Labs,"COP 30,000.00",,,"January 28, 2025 11:16 AM"
"Seguro hogar ","COP 36,000.00",,,"January 29, 2025 6:08 PM"
"Camiseta ","COP 100,000.00",,,"January 31, 2025 10:29 PM"
"Groceries ","COP 300,000.00",,,"February 1, 2025 3:10 PM"
"Pharmacy ","COP 20,000.00",,,"February 4, 2025 12:21 AM"
Dermatologa,"COP 100,000.00",,,"February 8, 2025 3:39 PM"
"Bv ","COP 100,000.00",,,"March 10, 2025 7:26 PM"
"Sura ","COP 80,000.00",,,"March 10, 2025 7:26 PM"
Pills,"COP 50,000.00",,,"July 1, 2026 5:01 AM"
Legs Treatment,"COP 50,000.00",,,"July 1, 2026 5:01 AM"
Dancing School Transportation,"COP 20,000.00",,,"July 1, 2026 5:01 AM"
Car's Fuel,"COP 180,000.00",,,"July 1, 2026 5:02 AM"
Personal Trainer,"COP 250,000.00",,,"July 1, 2026 5:02 AM"
Cat Sand,"COP 80,000.00",,,"July 1, 2026 5:02 AM"
Alkomprar #2 Credit,"COP 210,000.00",,,"July 1, 2026 5:02 AM"
Internet + T.V + Phone Service,"COP 130,000.00",,,"July 1, 2026 5:02 AM"
"House Tax ","COP 220,000.00",,,"July 1, 2026 5:02 AM"
Gas Service,"COP 30,000.00",,,"July 1, 2026 5:02 AM"
Administration Service,"COP 400,000.00",,,"July 1, 2026 5:02 AM"
Electricity Service,"COP 600,000.00",,,"July 1, 2026 5:02 AM"
Dancing School,"COP 140,000.00",,,"July 1, 2026 5:02 AM"
Valentina's Gym Loan,"COP 122,500.00",,,"July 3, 2026 5:00 AM"
Dancing School Transportation,"COP 20,000.00",,,"July 8, 2026 5:00 AM"
Epilator,"COP 75,000.00",,,"July 10, 2026 5:00 AM"
Dancing School Transportation,"COP 20,000.00",,,"July 15, 2026 5:01 AM"
Mom's Dental Treatment,"COP 1,000,000.00",,,"July 15, 2026 5:02 AM"
Gym,"COP 160,000.00",,,"July 15, 2026 5:02 AM"
Funeral Plan,"COP 20,000.00",,,"February 25, 2024 3:36 PM"
Internet + T.V + Phone Service,"COP 130,000.00",,,"February 25, 2024 3:36 PM"
Electricity Service,"COP 600,000.00",,,"February 25, 2024 3:36 PM"
Water Service,"COP 130,000.00",,,"February 25, 2024 3:37 PM"
Cat Food,"COP 300,000.00",,,"February 25, 2024 3:38 PM"
Cat Food,"COP 300,000.00",,,"February 28, 2024 5:13 AM"
Alkomprar #2 Credit,"COP 210,000.00",,,"February 28, 2024 5:37 AM"
Nails,"COP 90,000.00",,,"February 28, 2024 6:33 AM"
Gym event @comfamiliar,"COP 36,000.00",,,"March 9, 2024 1:37 PM"
Electricity Service,"COP 600,000.00",,,"March 10, 2024 3:03 AM"
Alkomprar #2 Credit,"COP 210,000.00",,,"March 10, 2024 3:26 AM"
Internet + T.V + Phone Service,"COP 130,000.00",,,"March 10, 2024 3:27 AM"
English Professor,"COP 670,000.00",,,"March 10, 2024 3:27 AM"
"Cosechas viva ","COP 20,000.00",,,"March 10, 2024 8:45 PM"
"Dollar city ","COP 30,000.00",,,"March 10, 2024 9:18 PM"
cellphone Adapter @lolo,"COP 18,000.00",,,"March 10, 2024 9:44 PM"
"Dinner ","COP 15,000.00",,,"March 16, 2024 2:02 AM"
Uber @tio jaime,"COP 5,000.00",,,"March 16, 2024 6:33 PM"
Lasagna x2 @vecina,"COP 60,000.00",,,"March 16, 2024 6:37 PM"
"Sunday lunch ","COP 34,000.00",,,"March 17, 2024 7:22 PM"
"Snack ","COP 15,000.00",,,"March 24, 2024 9:47 PM"
"Angelica’s gift ","COP 100,000.00",,,"March 25, 2024 4:17 PM"
Dancing School Transportation,"COP 20,000.00",,,"March 27, 2024 5:02 AM"
Car's Fuel,"COP 180,000.00",,,"March 30, 2024 11:35 PM"
"My birthday ","COP 200,000.00",,,"March 31, 2024 2:39 PM"
Pills,"COP 50,000.00",,,"April 1, 2024 5:01 AM"
gym @vale,"COP 122,500.00",,,"April 3, 2024 3:06 AM"
"Avocado ","COP 16,000.00",,,"April 3, 2024 8:46 PM"
"Lunch ","COP 30,000.00",,,"April 7, 2024 6:55 PM"
"Lunch ","COP 30,000.00",,,"April 14, 2024 6:55 PM"
Dancing School Transportation,"COP 20,000.00",,,"April 17, 2024 5:00 AM"
"Juanpi ","COP 70,000.00",,,"April 18, 2024 7:24 PM"
"Payment @allergy test ","COP 60,000.00",,,"April 19, 2024 6:30 PM"
"Uber - doctor ","COP 15,000.00",,,"April 29, 2024 6:38 PM"
Legs Treatment,"COP 50,000.00",,,"May 1, 2024 5:00 AM"
Internet + T.V + Phone Service,"COP 130,000.00",,,"May 1, 2024 5:02 AM"
Dancing School,"COP 140,000.00",,,"May 1, 2024 5:02 AM"
English Professor,"COP 670,000.00",,,"May 1, 2024 5:02 AM"
Administration Service,"COP 400,000.00",,,"May 1, 2024 5:02 AM"
"Clothes fix ","COP 50,000.00",,,"May 4, 2024 3:41 PM"
"Vale subscription - loan ","COP 23,000.00",,,"May 11, 2024 12:08 AM"
"Snack ","COP 20,000.00",,,"May 19, 2024 9:58 PM"
"Uber for exam ","COP 20,000.00",,,"May 30, 2024 9:49 PM"
Dad's Cemetery Aid,"COP 50,000.00",,,"June 1, 2024 5:18 AM"
Cat Sand,"COP 80,000.00",,,"June 1, 2024 5:52 AM"
Internet + T.V + Phone Service,"COP 130,000.00",,,"June 1, 2024 6:34 AM"
Hair Saloon,"COP 230,000.00",,,"June 1, 2024 7:29 AM"
Alkomprar #2 Credit,"COP 210,000.00",,,"June 1, 2024 7:52 AM"
House Tax #1,"COP 150,000.00",,,"June 1, 2024 7:58 AM"
Angelica donation,"COP 30,000.00",,,"June 4, 2024 12:18 PM"
"Matumbe’s dinner ","COP 41,000.00",,,"June 6, 2024 2:48 AM"
D1,"COP 104,000.00",,,"June 10, 2024 7:48 PM"
"Sr carlos’ gift ","COP 70,000.00",,,"June 11, 2024 2:38 AM"
Juanpi’s loan,"COP 70,000.00",,,"June 13, 2024 12:54 AM"
"Circus - June 30th ","COP 270,000.00",,,"June 13, 2024 2:37 PM"
"Groceries ","COP 180,000.00",,,"June 16, 2024 10:59 PM"
"Uber ","COP 20,000.00",,,"June 18, 2024 8:07 PM"
Dancing School Transportation,"COP 20,000.00",,,"June 19, 2024 5:28 AM"
"Dinner ","COP 15,000.00",,,"June 20, 2024 4:05 PM"
Groceries 200,"COP 200,000.00",,,"June 23, 2024 11:42 PM"
"Snack ","COP 21,000.00",,,"June 27, 2024 11:57 PM"
"Top ","COP 30,000.00",,,"June 28, 2024 11:35 PM"
Dad's Cemetery Aid,"COP 50,000.00",,,"July 1, 2024 6:09 AM"
Mom's Health Insurance,"COP 165,000.00",,,"July 1, 2024 6:17 AM"
Green juice,"COP 14,000.00",,,"July 5, 2024 8:19 PM"
"Groceries ","COP 250,000.00",,,"July 9, 2024 12:10 AM"
Dancing School Transportation,"COP 20,000.00",,,"July 10, 2024 5:08 AM"
"Colombia match ","COP 100,000.00",,,"July 11, 2024 2:56 AM"
Epilator,"COP 75,000.00",,,"July 12, 2024 6:25 AM"
Gym,"COP 160,000.00",,,"July 15, 2024 6:18 AM"
"Bday - vallenato ","COP 40,000.00",,,"July 21, 2024 6:19 PM"
Epilator,"COP 75,000.00",,,"July 26, 2024 5:25 AM"
"Uber ","COP 24,000.00",,,"August 1, 2024 12:36 AM"
Mom's Phone Plan,"COP 40,000.00",,,"August 1, 2024 5:07 AM"
Cat Food,"COP 300,000.00",,,"August 1, 2024 6:37 AM"
Dancing School Transportation,"COP 20,000.00",,,"August 14, 2024 7:10 AM"
"Matumbe ","COP 12,000.00",,,"August 17, 2024 3:05 PM"
Nails,"COP 150,000.00",,,"September 1, 2024 5:16 AM"
Water Service,"COP 130,000.00",,,"September 1, 2024 5:28 AM"
Electricity Service,"COP 600,000.00",,,"September 1, 2024 7:04 AM"
"Price mart ",,"$99,000.00",,"September 1, 2024 5:46 PM"
"Uber ","COP 10,000.00",,,"September 6, 2024 9:25 PM"
Gifts for Felicitas,"COP 105,000.00",,,"September 7, 2024 5:11 PM"
"Panties ","COP 60,000.00",,,"September 9, 2024 2:20 AM"
Gym,"COP 160,000.00",,,"September 15, 2024 6:45 AM"
"Farmatodo ","COP 40,000.00",,,"September 15, 2024 10:17 PM"
Dancing School Transportation,"COP 20,000.00",,,"September 18, 2024 5:13 AM"
Epilator,"COP 75,000.00",,,"September 20, 2024 6:52 AM"
"Snack ","COP 12,000.00",,,"September 22, 2024 9:21 PM"
Dancing School Transportation,"COP 20,000.00",,,"September 25, 2024 7:44 AM"
Kika's Insurance,"COP 600,000.00",,,"September 28, 2024 5:00 AM"
Cellphone Plan,"COP 80,000.00",,,"September 28, 2024 6:19 AM"
Cleaning Service,"COP 120,000.00",,,"October 1, 2024 5:19 AM"
Gas Service,"COP 30,000.00",,,"October 1, 2024 5:25 AM"
Electricity Service,"COP 600,000.00",,,"October 1, 2024 5:25 AM"
Funeral Plan,"COP 20,000.00",,,"October 1, 2024 5:29 AM"
House Tax #2,"COP 200,000.00",,,"October 1, 2024 5:43 AM"
Mom's Health Insurance,"COP 165,000.00",,,"October 1, 2024 6:07 AM"
Administration Service,"COP 400,000.00",,,"October 1, 2024 6:10 AM"
Dancing School,"COP 140,000.00",,,"October 1, 2024 6:11 AM"
Galleta's Parasite Medicine,"COP 50,000.00",,,"October 1, 2024 6:20 AM"
Credit Card Debt,"COP 1,500,000.00",,,"October 1, 2024 6:27 AM"
Cat Sand,"COP 80,000.00",,,"October 1, 2024 6:27 AM"
Cat Food,"COP 300,000.00",,,"October 1, 2024 6:31 AM"
English Professor,"COP 670,000.00",,,"October 1, 2024 6:38 AM"
Nails,"COP 150,000.00",,,"October 1, 2024 6:42 AM"
Mom's Phone Plan,"COP 40,000.00",,,"October 1, 2024 6:50 AM"
Personal Trainer,"COP 250,000.00",,,"October 1, 2024 6:56 AM"
Car's Fuel,"COP 180,000.00",,,"October 1, 2024 7:12 AM"
Dad's Cemetery Aid,"COP 50,000.00",,,"October 1, 2024 7:26 AM"
Alkomprar #2 Credit,"COP 210,000.00",,,"October 1, 2024 7:27 AM"
Water Service,"COP 130,000.00",,,"October 1, 2024 7:39 AM"
Legs Treatment,"COP 50,000.00",,,"October 1, 2024 7:40 AM"
Pills,"COP 50,000.00",,,"October 1, 2024 7:50 AM"
Internet + T.V + Phone Service,"COP 130,000.00",,,"October 1, 2024 8:01 AM"
Dancing School Transportation,"COP 20,000.00",,,"October 2, 2024 6:01 AM"
Epilator,"COP 75,000.00",,,"October 4, 2024 6:35 AM"
Dancing School Transportation,"COP 20,000.00",,,"October 9, 2024 7:03 AM"
Dad's Flowers,"COP 60,000.00",,,"October 15, 2024 5:05 AM"
Gym,"COP 160,000.00",,,"October 15, 2024 5:09 AM"
Dancing School Transportation,"COP 20,000.00",,,"October 16, 2024 5:53 AM"
Grocery - mom2,"COP 200,000.00",,,"October 17, 2024 12:35 AM"
Epilator,"COP 75,000.00",,,"October 18, 2024 7:47 AM"
disfraz galleta,"COP 50,000.00",,,"October 20, 2024 9:49 PM"
"Lunch - mom ","COP 17,000.00",,,"October 22, 2024 4:07 PM"
Dancing School Transportation,"COP 20,000.00",,,"October 23, 2024 7:05 AM"
Medicine,"COP 15,000.00",,,"October 24, 2024 4:16 PM"
Pollo,"COP 10,000.00",,,"October 26, 2024 2:23 AM"
"Notaría ","COP 60,000.00",,,"October 26, 2024 3:53 PM"
"Coffee ","COP 5,000.00","$5,000.00",,"October 27, 2024 12:58 AM"
Cellphone Plan,"COP 80,000.00",,,"October 28, 2024 6:26 AM"
Dancing School Transportation,"COP 20,000.00",,,"October 30, 2024 5:49 AM"
Mom's Phone Plan,"COP 40,000.00",,,"November 1, 2024 5:19 AM"
Epilator,"COP 75,000.00",,,"November 1, 2024 5:24 AM"
Credit Card Debt,"COP 1,500,000.00",,,"November 1, 2024 5:28 AM"
Car's Fuel,"COP 180,000.00",,,"November 1, 2024 5:35 AM"
Administration Service,"COP 400,000.00",,,"November 1, 2024 5:45 AM"
Cat Food,"COP 300,000.00",,,"November 1, 2024 6:00 AM"
Alkomprar #2 Credit,"COP 210,000.00",,,"November 1, 2024 6:07 AM"
Electricity Service,"COP 600,000.00",,,"November 1, 2024 6:20 AM"
Cat Sand,"COP 80,000.00",,,"November 1, 2024 6:35 AM"
Dad's Cemetery Aid,"COP 50,000.00",,,"November 1, 2024 6:43 AM"
Legs Treatment,"COP 50,000.00",,,"November 1, 2024 6:47 AM"
Gas Service,"COP 30,000.00",,,"November 1, 2024 6:48 AM"
Personal Trainer,"COP 250,000.00",,,"November 1, 2024 6:58 AM"
Funeral Plan,"COP 20,000.00",,,"November 1, 2024 6:58 AM"
Pills,"COP 50,000.00",,,"November 1, 2024 6:59 AM"
Cleaning Service,"COP 120,000.00",,,"November 1, 2024 7:04 AM"
Nails,"COP 150,000.00",,,"November 1, 2024 7:05 AM"
Water Service,"COP 130,000.00",,,"November 1, 2024 7:23 AM"
House Tax #2,"COP 200,000.00",,,"November 1, 2024 7:29 AM"
Dancing School,"COP 140,000.00",,,"November 1, 2024 7:35 AM"
Internet + T.V + Phone Service,"COP 130,000.00",,,"November 1, 2024 7:42 AM"
Mom's Health Insurance,"COP 165,000.00",,,"November 1, 2024 7:48 AM"
English Professor,"COP 670,000.00",,,"November 1, 2024 7:49 AM"
"Breakfast ","COP 25,000.00",,,"November 1, 2024 12:58 PM"
"Olímpica ","COP 10,000.00",,,"November 2, 2024 1:18 PM"
"Desodorante ","COP 26,000.00",,,"November 2, 2024 2:11 PM"
"Dinner ","COP 30,000.00",,,"November 4, 2024 11:57 PM"
Dancing School Transportation,"COP 20,000.00",,,"November 6, 2024 7:12 AM"
"Uber ","COP 20,000.00",,,"November 7, 2024 7:51 PM"
Valentina's Gym Loan,"COP 122,500.00",,,"November 11, 2024 7:09 PM"
Valentina's Gym Loan,"COP 122,500.00",,,"November 11, 2024 7:10 PM"
Valentina's Gym Loan,"COP 122,500.00",,,"November 11, 2024 7:10 PM"
Valentina's Gym Loan,"COP 122,500.00",,,"November 11, 2024 7:10 PM"
Valentina's Gym Loan,"COP 122,500.00",,,"November 11, 2024 7:10 PM"
Valentina's Gym Loan,"COP 122,500.00",,,"November 11, 2024 7:10 PM"
Valentina's Gym Loan,"COP 122,500.00",,,"November 11, 2024 7:10 PM"
Valentina's Gym Loan,"COP 122,500.00",,,"November 11, 2024 7:10 PM"
"Exito - tapete resma jugos vegetable ","COP 130,000.00",,,"November 12, 2024 12:29 AM"
Dancing School Transportation,"COP 20,000.00",,,"November 13, 2024 7:27 AM"
Gym,"COP 160,000.00",,,"November 15, 2024 5:13 AM"
Epilator,"COP 75,000.00",,,"November 15, 2024 5:50 AM"
Mom's Dental Treatment,"COP 1,000,000.00",,,"November 15, 2024 7:20 AM"
"Parking - hospital ","COP 10,000.00",,,"November 15, 2024 10:27 PM"
Coffee,"COP 5,000.00",,,"November 15, 2024 10:28 PM"
"Pharmacy ","COP 35,000.00",,,"November 19, 2024 5:03 PM"
Dancing School Transportation,"COP 20,000.00",,,"November 20, 2024 6:32 AM"
Dancing School Transportation,"COP 20,000.00",,,"November 27, 2024 6:20 AM"
Cellphone Plan,"COP 80,000.00",,,"November 28, 2024 7:06 AM"
Epilator,"COP 75,000.00",,,"November 29, 2024 6:36 AM"
Hair Saloon,"COP 100,000.00",,,"December 1, 2024 5:03 AM"
Alkomprar #2 Credit,"COP 210,000.00",,,"December 1, 2024 5:06 AM"
Administration Service,"COP 400,000.00",,,"December 1, 2024 5:09 AM"
Mom's Health Insurance,"COP 165,000.00",,,"December 1, 2024 5:17 AM"
Funeral Plan,"COP 20,000.00",,,"December 1, 2024 5:18 AM"
Cat Sand,"COP 80,000.00",,,"December 1, 2024 5:19 AM"
House Tax #2,"COP 200,000.00",,,"December 1, 2024 5:21 AM"
Credit Card Debt,"COP 1,500,000.00",,,"December 1, 2024 5:38 AM"
Internet + T.V + Phone Service,"COP 130,000.00",,,"December 1, 2024 5:41 AM"
Cat Food,"COP 300,000.00",,,"December 1, 2024 5:46 AM"
Nails,"COP 150,000.00",,,"December 1, 2024 5:49 AM"
Gas Service,"COP 30,000.00",,,"December 1, 2024 5:50 AM"
Electricity Service,"COP 600,000.00",,,"December 1, 2024 5:52 AM"
Galleta's Parasite Medicine,"COP 50,000.00",,,"December 1, 2024 5:54 AM"
Mom's Phone Plan,"COP 40,000.00",,,"December 1, 2024 6:13 AM"
Cleaning Service,"COP 120,000.00",,,"December 1, 2024 6:14 AM"
Pills,"COP 50,000.00",,,"December 1, 2024 6:30 AM"
English Professor,"COP 670,000.00",,,"December 1, 2024 6:48 AM"
Car's Fuel,"COP 180,000.00",,,"December 1, 2024 7:39 AM"
Dancing School,"COP 140,000.00",,,"December 1, 2024 7:41 AM"
Personal Trainer,"COP 250,000.00",,,"December 1, 2024 7:50 AM"
Legs Treatment,"COP 50,000.00",,,"December 1, 2024 7:53 AM"
Dad's Cemetery Aid,"COP 50,000.00",,,"December 1, 2024 7:55 AM"
Water Service,"COP 130,000.00",,,"December 1, 2024 8:00 AM"
Valentina's Gym Loan,"COP 122,500.00",,,"December 3, 2024 7:48 AM"
Dancing School Transportation,"COP 20,000.00",,,"December 4, 2024 5:02 AM"
rappi,"COP 15,000.00",,,"December 9, 2024 5:45 PM"
Dancing School Transportation,"COP 20,000.00",,,"December 11, 2024 7:11 AM"
Epilator,"COP 75,000.00",,,"December 13, 2024 7:02 AM"
"Groceries ","COP 250,000.00",,,"December 14, 2024 3:43 PM"
Gym,"COP 160,000.00",,,"December 15, 2024 5:03 AM"
Dad's Flowers,"COP 60,000.00",,,"December 15, 2024 5:20 AM"
Mom's Dental Treatment,"COP 1,000,000.00",,,"December 15, 2024 5:43 AM"
Christmas Gifts For Employees,"COP 200,000.00",,,"December 15, 2024 7:53 AM"
"Dinner ","COP 32,000.00",,,"December 16, 2024 12:22 AM"
Dancing School Transportation,"COP 20,000.00",,,"December 18, 2024 6:11 AM"
Newspaper Subscription,"COP 200,000.00",,,"December 23, 2024 5:32 AM"
"Uñas adicionales ","COP 50,000.00",,,"December 23, 2024 1:18 PM"
Dancing School Transportation,"COP 20,000.00",,,"December 25, 2024 5:46 AM"
Epilator,"COP 75,000.00",,,"December 27, 2024 7:59 AM"
"Pant ","COP 200,000.00",,,"December 27, 2024 5:18 PM"
Cellphone Plan,"COP 80,000.00",,,"December 28, 2024 7:54 AM"
House Tax #2,"COP 200,000.00",,,"January 1, 2025 5:03 AM"
Electricity Service,"COP 600,000.00",,,"January 1, 2025 5:03 AM"
Legs Treatment,"COP 50,000.00",,,"January 1, 2025 5:17 AM"
Car's Fuel,"COP 180,000.00",,,"January 1, 2025 5:23 AM"
Alkomprar #2 Credit,"COP 210,000.00",,,"January 1, 2025 5:34 AM"
Personal Trainer,"COP 250,000.00",,,"January 1, 2025 5:47 AM"
Dancing School,"COP 140,000.00",,,"January 1, 2025 5:51 AM"
Funeral Plan,"COP 20,000.00",,,"January 1, 2025 5:51 AM"
Cleaning Service,"COP 120,000.00",,,"January 1, 2025 6:08 AM"
Nails,"COP 150,000.00",,,"January 1, 2025 6:08 AM"
Credit Card Debt,"COP 1,500,000.00",,,"January 1, 2025 6:22 AM"
Cat Food,"COP 300,000.00",,,"January 1, 2025 6:46 AM"
Gas Service,"COP 30,000.00",,,"January 1, 2025 6:48 AM"
Mom's Health Insurance,"COP 165,000.00",,,"January 1, 2025 7:03 AM"
Administration Service,"COP 400,000.00",,,"January 1, 2025 7:14 AM"
Pills,"COP 50,000.00",,,"January 1, 2025 7:14 AM"
Dad's Cemetery Aid,"COP 50,000.00",,,"January 1, 2025 7:29 AM"
English Professor,"COP 670,000.00",,,"January 1, 2025 7:37 AM"
Mom's Phone Plan,"COP 40,000.00",,,"January 1, 2025 7:41 AM"
Dancing School Transportation,"COP 20,000.00",,,"January 1, 2025 7:42 AM"
Cat Sand,"COP 80,000.00",,,"January 1, 2025 7:47 AM"
Internet + T.V + Phone Service,"COP 130,000.00",,,"January 1, 2025 7:51 AM"
Water Service,"COP 130,000.00",,,"January 1, 2025 7:59 AM"
Valentina's Gym Loan,"COP 122,500.00",,,"January 3, 2025 5:06 AM"
Pharmacy,"COP 25,000.00",,,"January 7, 2025 4:24 PM"
Dancing School Transportation,"COP 20,000.00",,,"January 8, 2025 5:34 AM"
Epilator,"COP 75,000.00",,,"January 10, 2025 7:20 AM"
"Makro ","COP 60,000.00",,,"January 11, 2025 12:49 AM"
"Zapatos ","COP 60,000.00",,,"January 12, 2025 9:08 PM"
Mom's Dental Treatment,"COP 1,000,000.00",,,"January 15, 2025 6:12 AM"
Gym,"COP 160,000.00",,,"January 15, 2025 6:58 AM"
Dancing School Transportation,"COP 20,000.00",,,"January 15, 2025 7:44 AM"
Dancing School Transportation,"COP 20,000.00",,,"January 22, 2025 7:34 AM"
Epilator,"COP 75,000.00",,,"January 24, 2025 7:33 AM"
"Falabela ","COP 100,000.00",,,"January 27, 2025 8:08 PM"
Car's Tax,"COP 1,000,000.00",,,"January 28, 2025 6:39 AM"
Cellphone Plan,"COP 80,000.00",,,"January 28, 2025 7:31 AM"
Dancing School Transportation,"COP 20,000.00",,,"January 29, 2025 6:44 AM"
"Uber ","COP 20,000.00",,,"January 31, 2025 3:21 PM"
"Maema ","COP 33,000.00",,,"January 31, 2025 10:40 PM"
Gas Service,"COP 30,000.00",,,"February 1, 2025 5:02 AM"
Administration Service,"COP 400,000.00",,,"February 1, 2025 5:10 AM"
Dancing School,"COP 140,000.00",,,"February 1, 2025 5:19 AM"
Nails,"COP 150,000.00",,,"February 1, 2025 5:36 AM"
"House Tax ","COP 220,000.00",,,"February 1, 2025 5:51 AM"
Legs Treatment,"COP 50,000.00",,,"February 1, 2025 6:01 AM"
Mom's Health Insurance,"COP 165,000.00",,,"February 1, 2025 6:07 AM"
Electricity Service,"COP 600,000.00",,,"February 1, 2025 6:14 AM"
Funeral Plan,"COP 20,000.00",,,"February 1, 2025 6:18 AM"
English Professor,"COP 670,000.00",,,"February 1, 2025 6:19 AM"
Credit Card Debt,"COP 1,500,000.00",,,"February 1, 2025 6:22 AM"
Dad's Cemetery Aid,"COP 50,000.00",,,"February 1, 2025 6:27 AM"
Mom's Phone Plan,"COP 40,000.00",,,"February 1, 2025 6:34 AM"
Internet + T.V + Phone Service,"COP 130,000.00",,,"February 1, 2025 6:49 AM"
Pills,"COP 50,000.00",,,"February 1, 2025 6:52 AM"
Cat Sand,"COP 80,000.00",,,"February 1, 2025 6:57 AM"
Personal Trainer,"COP 250,000.00",,,"February 1, 2025 7:05 AM"
Alkomprar #2 Credit,"COP 210,000.00",,,"February 1, 2025 7:06 AM"
Cleaning Service,"COP 120,000.00",,,"February 1, 2025 7:11 AM"
Water Service,"COP 130,000.00",,,"February 1, 2025 7:21 AM"
Cat Food,"COP 300,000.00",,,"February 1, 2025 7:37 AM"
Car's Fuel,"COP 180,000.00",,,"February 1, 2025 7:38 AM"
Galleta's Parasite Medicine,"COP 50,000.00",,,"February 1, 2025 7:45 AM"
Valentina's Gym Loan,"COP 122,500.00",,,"February 3, 2025 7:09 AM"
Dancing School Transportation,"COP 20,000.00",,,"February 5, 2025 5:13 AM"
Epilator,"COP 75,000.00",,,"February 7, 2025 7:38 AM"
"Groceries ","COP 260,000.00",,,"February 8, 2025 8:53 PM"
"Shoes ","COP 50,000.00",,,"February 9, 2025 10:26 PM"
Dancing School Transportation,"COP 20,000.00",,,"February 12, 2025 7:56 AM"
"Uber ","COP 40,000.00",,,"February 13, 2025 12:52 PM"
"t shirt ","COP 65,000.00",,,"February 13, 2025 12:53 PM"
Mom's Dental Treatment,"COP 1,000,000.00",,,"February 15, 2025 5:03 AM"
Dad's Flowers,"COP 60,000.00",,,"February 15, 2025 6:40 AM"
Gym,"COP 160,000.00",,,"February 15, 2025 6:45 AM"
"Groceries ","COP 250,000.00",,,"February 15, 2025 2:41 PM"
Dancing School Transportation,"COP 20,000.00",,,"February 19, 2025 6:29 AM"
Epilator,"COP 75,000.00",,,"February 21, 2025 7:27 AM"
Car's SOAT,"COP 500,000.00",,,"February 25, 2025 7:43 AM"
Dancing School Transportation,"COP 20,000.00",,,"February 26, 2025 7:43 AM"
"Groceries ","COP 250,000.00",,,"February 27, 2025 12:31 AM"
"Carnival clothes ","COP 100,000.00",,,"February 27, 2025 12:31 AM"
"Taxis ","COP 50,000.00",,,"February 27, 2025 12:31 AM"
"Uber ","COP 30,000.00",,,"February 27, 2025 12:31 AM"
"Boletas ","COP 650,000.00",,,"February 27, 2025 12:32 AM"
Car's Insurance,"COP 3,500,000.00",,,"February 28, 2025 5:26 AM"
Cellphone Plan,"COP 80,000.00",,,"February 28, 2025 7:03 AM"
Water Service,"COP 130,000.00",,,"March 1, 2025 5:22 AM"
Dad's Cemetery Aid,"COP 50,000.00",,,"March 1, 2025 5:25 AM"
Dancing School,"COP 140,000.00",,,"March 1, 2025 5:27 AM"
Nails,"COP 150,000.00",,,"March 1, 2025 5:29 AM"
Administration Service,"COP 400,000.00",,,"March 1, 2025 5:33 AM"
Funeral Plan,"COP 20,000.00",,,"March 1, 2025 5:36 AM"
Mom's Phone Plan,"COP 40,000.00",,,"March 1, 2025 5:36 AM"
Gas Service,"COP 30,000.00",,,"March 1, 2025 5:38 AM"
Electricity Service,"COP 600,000.00",,,"March 1, 2025 5:39 AM"
Cleaning Service,"COP 120,000.00",,,"March 1, 2025 5:43 AM"
Personal Trainer,"COP 250,000.00",,,"March 1, 2025 5:54 AM"
Internet + T.V + Phone Service,"COP 130,000.00",,,"March 1, 2025 5:55 AM"
Pills,"COP 50,000.00",,,"March 1, 2025 5:55 AM"
Cat Sand,"COP 80,000.00",,,"March 1, 2025 5:57 AM"
Car's Fuel,"COP 180,000.00",,,"March 1, 2025 6:07 AM"
English Professor,"COP 670,000.00",,,"March 1, 2025 6:34 AM"
Legs Treatment,"COP 50,000.00",,,"March 1, 2025 6:55 AM"
Cats’ Funeral Insurance,"COP 140,000.00",,,"March 1, 2025 7:02 AM"
Hair Saloon,"COP 100,000.00",,,"March 1, 2025 7:29 AM"
Cat Food,"COP 300,000.00",,,"March 1, 2025 7:29 AM"
Credit Card Debt,"COP 1,500,000.00",,,"March 1, 2025 7:30 AM"
Alkomprar #2 Credit,"COP 210,000.00",,,"March 1, 2025 7:52 AM"
"House Tax ","COP 220,000.00",,,"March 1, 2025 7:52 AM"
Mom's Health Insurance,"COP 165,000.00",,,"March 1, 2025 7:58 AM"
Valentina's Gym Loan,"COP 122,500.00",,,"March 3, 2025 6:16 AM"
Dancing School Transportation,"COP 20,000.00",,,"March 5, 2025 7:23 AM"
"Foto visa ","COP 30,000.00",,,"March 5, 2025 7:09 PM"
"Groceries ","COP 200,000.00",,,"March 5, 2025 7:09 PM"
"Gift ","COP 100,000.00",,,"March 6, 2025 10:45 PM"
Epilator,"COP 75,000.00",,,"March 7, 2025 6:39 AM"
Heller,"COP 700,000.00",,,"March 8, 2025 1:13 AM"
"Dinner ","COP 100,000.00",,,"March 8, 2025 1:14 AM"
Car battery,"COP 700,000.00",,,"March 8, 2025 1:14 AM"
"Maintadance ","COP 700,000.00",,,"March 8, 2025 1:14 AM"
Car Maintenance Check,"COP 600,000.00",,,"March 9, 2025 6:46 AM"
Dancing School Transportation,"COP 20,000.00",,,"March 12, 2025 7:34 AM"
"Eyes surgery ","COP 200,000.00",,,"March 12, 2025 8:28 PM"
"Repuesto ","COP 680,000.00",,,"March 14, 2025 11:13 PM"
Gym,"COP 160,000.00",,,"March 15, 2025 5:32 AM"
Mom's Dental Treatment,"COP 1,000,000.00",,,"March 15, 2025 6:40 AM"
Dinner,"COP 53,000.00",,,"March 17, 2025 12:01 AM"
Dancing School Transportation,"COP 20,000.00",,,"March 19, 2025 5:46 AM"
Epilator,"COP 75,000.00",,,"March 21, 2025 6:59 AM"
"Groceries ","COP 500,000.00",,,"March 22, 2025 2:45 PM"
Dancing School Transportation,"COP 20,000.00",,,"March 26, 2025 5:41 AM"
"Dress ","COP 240,000.00",,,"March 27, 2025 12:29 AM"
"Éxito ","COP 100,000.00",,,"March 27, 2025 12:29 AM"
"Cediul ","COP 50,000.00",,,"March 27, 2025 8:58 PM"
Kika's Insurance,"COP 600,000.00",,,"March 28, 2025 6:26 AM"
Cellphone Plan,"COP 80,000.00",,,"March 28, 2025 7:01 AM"
"Hair ","COP 120,000.00",,,"March 28, 2025 9:38 PM"
Grocery,"COP 300,000.00",,,"March 31, 2025 12:02 PM"
"Uber ","COP 40,000.00",,,"March 31, 2025 12:02 PM"
Gas Service,"COP 30,000.00",,,"April 1, 2025 5:11 AM"
Nails,"COP 150,000.00",,,"April 1, 2025 5:11 AM"
English Professor,"COP 670,000.00",,,"April 1, 2025 5:17 AM"
"House Tax ","COP 220,000.00",,,"April 1, 2025 5:20 AM"
Internet + T.V + Phone Service,"COP 130,000.00",,,"April 1, 2025 5:27 AM"
Legs Treatment,"COP 50,000.00",,,"April 1, 2025 5:44 AM"
Water Service,"COP 130,000.00",,,"April 1, 2025 5:44 AM"
Cleaning Service,"COP 120,000.00",,,"April 1, 2025 5:54 AM"
Mom's Phone Plan,"COP 40,000.00",,,"April 1, 2025 5:54 AM"
Electricity Service,"COP 600,000.00",,,"April 1, 2025 5:57 AM"
Administration Service,"COP 400,000.00",,,"April 1, 2025 6:00 AM"
Mom's Health Insurance,"COP 165,000.00",,,"April 1, 2025 6:03 AM"
Funeral Plan,"COP 20,000.00",,,"April 1, 2025 6:39 AM"
Personal Trainer,"COP 250,000.00",,,"April 1, 2025 6:46 AM"
Cat Food,"COP 300,000.00",,,"April 1, 2025 6:48 AM"
Dad's Cemetery Aid,"COP 50,000.00",,,"April 1, 2025 6:55 AM"
Galleta's Parasite Medicine,"COP 50,000.00",,,"April 1, 2025 6:56 AM"
Alkomprar #2 Credit,"COP 210,000.00",,,"April 1, 2025 6:59 AM"
Car's Fuel,"COP 180,000.00",,,"April 1, 2025 7:10 AM"
Cat Sand,"COP 80,000.00",,,"April 1, 2025 7:17 AM"
Dancing School,"COP 140,000.00",,,"April 1, 2025 7:30 AM"
Pills,"COP 50,000.00",,,"April 1, 2025 7:45 AM"
Credit Card Debt,"COP 1,500,000.00",,,"April 1, 2025 7:58 AM"
Dancing School Transportation,"COP 20,000.00",,,"April 2, 2025 7:45 AM"
"Dinner ","COP 85,000.00",,,"April 3, 2025 1:50 AM"
"Bday ","COP 300,000.00",,,"April 3, 2025 1:51 AM"
Valentina's Gym Loan,"COP 122,500.00",,,"April 3, 2025 5:59 AM"
"Dinner ","COP 30,000.00",,,"April 4, 2025 12:24 AM"
Epilator,"COP 75,000.00",,,"April 4, 2025 5:21 AM"
D1,"COP 150,000.00",,,"April 5, 2025 12:12 AM"
"Shoes ","COP 80,000.00",,,"April 5, 2025 12:12 AM"
Meat,"COP 100,000.00",,,"April 5, 2025 12:12 AM"
"Lycra ","COP 35,000.00",,,"April 5, 2025 11:58 PM"
"Colchón ","COP 828,000.00",,,"April 6, 2025 11:45 PM"
Dancing School Transportation,"COP 20,000.00",,,"April 9, 2025 5:01 AM"
"Groceries ","COP 530,000.00",,,"April 12, 2025 2:37 PM"
Dad's Flowers,"COP 60,000.00",,,"April 15, 2025 5:00 AM"
Mom's Dental Treatment,"COP 1,000,000.00",,,"April 15, 2025 5:01 AM"
Gym,"COP 160,000.00",,,"April 15, 2025 5:01 AM"
Dancing School Transportation,"COP 20,000.00",,,"April 16, 2025 5:04 AM"
Epilator,"COP 75,000.00",,,"April 18, 2025 5:01 AM"
"Mocho ","COP 100,000.00",,,"April 19, 2025 2:08 AM"
"Lunch ","COP 100,000.00",,,"April 19, 2025 2:09 AM"
"Extintor ","COP 70,000.00",,,"April 20, 2025 2:40 AM"
"Trip ","COP 100,000.00",,,"April 20, 2025 2:41 AM"
"Groceries ","COP 250,000.00",,,"April 20, 2025 4:00 PM"
"Brasier ","COP 130,000.00",,,"April 20, 2025 11:34 PM"
"Hair ","COP 200,000.00",,,"April 20, 2025 11:34 PM"
Dancing School Transportation,"COP 20,000.00",,,"April 23, 2025 5:03 AM"
"Uber ","COP 20,000.00",,,"April 26, 2025 1:45 AM"
"Dinner ","COP 50,000.00",,,"April 26, 2025 1:45 AM"
Cellphone Plan,"COP 80,000.00",,,"April 28, 2025 5:05 AM"
Dancing School Transportation,"COP 20,000.00",,,"April 30, 2025 5:01 AM"
Legs Treatment,"COP 50,000.00",,,"May 1, 2025 5:01 AM"
Pills,"COP 50,000.00",,,"May 1, 2025 5:03 AM"
English Professor,"COP 670,000.00",,,"May 1, 2025 5:04 AM"
Dad's Cemetery Aid,"COP 50,000.00",,,"May 1, 2025 5:04 AM"
Cat Food,"COP 300,000.00",,,"May 1, 2025 5:04 AM"
"House Tax ","COP 220,000.00",,,"May 1, 2025 5:04 AM"
Nails,"COP 150,000.00",,,"May 1, 2025 5:04 AM"
Credit Card Debt,"COP 1,500,000.00",,,"May 1, 2025 5:04 AM"
Internet + T.V + Phone Service,"COP 130,000.00",,,"May 1, 2025 5:05 AM"
Gas Service,"COP 30,000.00",,,"May 1, 2025 5:05 AM"
Electricity Service,"COP 600,000.00",,,"May 1, 2025 5:05 AM"
Mom's Phone Plan,"COP 40,000.00",,,"May 1, 2025 5:05 AM"
Mom's Health Insurance,"COP 165,000.00",,,"May 1, 2025 5:05 AM"
Administration Service,"COP 400,000.00",,,"May 1, 2025 5:05 AM"
Cat Sand,"COP 80,000.00",,,"May 1, 2025 5:05 AM"
Dancing School,"COP 140,000.00",,,"May 1, 2025 5:05 AM"
Personal Trainer,"COP 250,000.00",,,"May 1, 2025 5:05 AM"
Alkomprar #2 Credit,"COP 210,000.00",,,"May 1, 2025 5:05 AM"
Car's Fuel,"COP 180,000.00",,,"May 1, 2025 5:05 AM"
Water Service,"COP 130,000.00",,,"May 1, 2025 5:05 AM"
Cleaning Service,"COP 120,000.00",,,"May 1, 2025 5:05 AM"
Funeral Plan,"COP 20,000.00",,,"May 1, 2025 5:05 AM"
Epilator,"COP 75,000.00",,,"May 2, 2025 5:04 AM"
Valentina's Gym Loan,"COP 122,500.00",,,"May 3, 2025 5:03 AM"
"Grocery ","COP 300,000.00",,,"May 4, 2025 8:28 PM"
"Matriarca ","COP 215,000.00",,,"May 4, 2025 8:28 PM"
Dancing School Transportation,"COP 20,000.00",,,"May 7, 2025 5:01 AM"
"Dermatología ","COP 300,000.00",,,"May 10, 2025 2:54 PM"
Dancing School Transportation,"COP 20,000.00",,,"May 14, 2025 5:02 AM"
Gym,"COP 160,000.00",,,"May 15, 2025 5:02 AM"
Mom's Dental Treatment,"COP 1,000,000.00",,,"May 15, 2025 5:02 AM"
Epilator,"COP 75,000.00",,,"May 16, 2025 5:00 AM"
Dancing School Transportation,"COP 20,000.00",,,"May 21, 2025 5:01 AM"
Dancing School Transportation,"COP 20,000.00",,,"May 28, 2025 5:00 AM"
Cellphone Plan,"COP 80,000.00",,,"May 28, 2025 5:04 AM"
Epilator,"COP 75,000.00",,,"May 30, 2025 5:01 AM"
Funeral Plan,"COP 20,000.00",,,"June 1, 2025 5:01 AM"
Mom's Phone Plan,"COP 40,000.00",,,"June 1, 2025 5:01 AM"
Galleta's Parasite Medicine,"COP 50,000.00",,,"June 1, 2025 5:01 AM"
Dad's Cemetery Aid,"COP 50,000.00",,,"June 1, 2025 5:01 AM"
Electricity Service,"COP 600,000.00",,,"June 1, 2025 5:01 AM"
Mom's Health Insurance,"COP 165,000.00",,,"June 1, 2025 5:01 AM"
Internet + T.V + Phone Service,"COP 130,000.00",,,"June 1, 2025 5:01 AM"
Nails,"COP 150,000.00",,,"June 1, 2025 5:01 AM"
Personal Trainer,"COP 250,000.00",,,"June 1, 2025 5:01 AM"
Cat Food,"COP 300,000.00",,,"June 1, 2025 5:01 AM"
Legs Treatment,"COP 50,000.00",,,"June 1, 2025 5:03 AM"
Pills,"COP 50,000.00",,,"June 1, 2025 5:04 AM"
"House Tax ","COP 220,000.00",,,"June 1, 2025 5:04 AM"
Administration Service,"COP 400,000.00",,,"June 1, 2025 5:04 AM"
Credit Card Debt,"COP 1,500,000.00",,,"June 1, 2025 5:04 AM"
Alkomprar #2 Credit,"COP 210,000.00",,,"June 1, 2025 5:04 AM"
Car's Fuel,"COP 180,000.00",,,"June 1, 2025 5:04 AM"
English Professor,"COP 670,000.00",,,"June 1, 2025 5:04 AM"
Water Service,"COP 130,000.00",,,"June 1, 2025 5:04 AM"
Hair Saloon,"COP 100,000.00",,,"June 1, 2025 5:04 AM"
Cleaning Service,"COP 120,000.00",,,"June 1, 2025 5:04 AM"
Gas Service,"COP 30,000.00",,,"June 1, 2025 5:04 AM"
Dancing School,"COP 140,000.00",,,"June 1, 2025 5:04 AM"
Cat Sand,"COP 80,000.00",,,"June 1, 2025 5:04 AM"
Valentina's Gym Loan,"COP 122,500.00",,,"June 3, 2025 5:04 AM"
Dancing School Transportation,"COP 20,000.00",,,"June 4, 2025 5:01 AM"
Dancing School Transportation,"COP 20,000.00",,,"June 11, 2025 5:00 AM"
Epilator,"COP 75,000.00",,,"June 13, 2025 5:04 AM"
Dad's Flowers,"COP 60,000.00",,,"June 15, 2025 5:04 AM"
Mom's Dental Treatment,"COP 1,000,000.00",,,"June 15, 2025 5:04 AM"
Gym,"COP 160,000.00",,,"June 15, 2025 5:04 AM"
Dancing School Transportation,"COP 20,000.00",,,"June 18, 2025 4:59 AM"
Newspaper Subscription,"COP 200,000.00",,,"June 23, 2025 5:01 AM"
Dancing School Transportation,"COP 20,000.00",,,"June 25, 2025 5:03 AM"
Epilator,"COP 75,000.00",,,"June 27, 2025 5:02 AM"
Cellphone Plan,"COP 80,000.00",,,"June 28, 2025 5:01 AM"
Nails,"COP 150,000.00",,,"July 1, 2025 5:05 AM"
Mom's Phone Plan,"COP 40,000.00",,,"July 1, 2025 5:05 AM"
Cat Food,"COP 300,000.00",,,"July 1, 2025 5:05 AM"
Electricity Service,"COP 600,000.00",,,"July 1, 2025 5:05 AM"
Credit Card Debt,"COP 1,500,000.00",,,"July 1, 2025 5:05 AM"
"House Tax ","COP 220,000.00",,,"July 1, 2025 5:05 AM"
Mom's Health Insurance,"COP 165,000.00",,,"February 25, 2024 3:36 PM"
Gas Service,"COP 30,000.00",,,"February 28, 2024 6:34 AM"
English Professor,"COP 670,000.00",,,"February 28, 2024 7:21 AM"
Alkomprar #1 Credit,"COP 400,000.00",,,"February 28, 2024 7:24 AM"
Car Maintenance Check,"COP 600,000.00",,,"March 10, 2024 3:08 AM"
Water Service,"COP 130,000.00",,,"March 10, 2024 3:28 AM"
"Fan fix ","COP 20,000.00",,,"March 12, 2024 6:11 PM"
Gym,"COP 155,000.00",,,"March 15, 2024 7:32 AM"
Pills @ Loratadina naproxeno,"COP 15,000.00",,,"March 16, 2024 2:00 AM"
"school event ","COP 50,000.00",,,"March 22, 2024 6:22 PM"
"ATM ","COP 100,000.00",,,"March 30, 2024 12:49 AM"
Car's Fuel,"COP 180,000.00",,,"April 1, 2024 5:15 AM"
Cleaning Service,"COP 120,000.00",,,"April 1, 2024 6:18 AM"
Galleta's Parasite Medicine,"COP 50,000.00",,,"April 1, 2024 6:39 AM"
"Uber matumbe ","COP 20,000.00",,,"April 4, 2024 12:40 AM"
Dancing School Transportation,"COP 20,000.00",,,"April 10, 2024 5:01 AM"
"Uber heller ","COP 20,000.00",,,"April 22, 2024 9:41 PM"
"Brownie ","COP 18,000.00",,,"April 26, 2024 12:52 AM"
"Cookie’s food - additional ","COP 38,000.00",,,"April 26, 2024 5:15 PM"
Milanta,"COP 18,000.00",,,"April 28, 2024 8:27 PM"
"Groceries + dieta ","COP 300,000.00",,,"April 30, 2024 3:16 PM"
Water Service,"COP 130,000.00",,,"May 1, 2024 5:02 AM"
Gas Service,"COP 30,000.00",,,"May 1, 2024 5:02 AM"
Dancing School Transportation,"COP 20,000.00",,,"May 1, 2024 7:04 AM"
"Dinner ","COP 20,000.00",,,"May 4, 2024 12:43 AM"
Dancing School Transportation,"COP 20,000.00",,,"June 5, 2024 6:05 AM"
"Dolex ","COP 10,000.00",,,"June 7, 2024 10:48 PM"
"Dollar city ","COP 15,000.00",,,"June 10, 2024 10:54 PM"
"Somo ","COP 80,000.00",,,"June 22, 2024 3:12 AM"
Farmatodo 10,"COP 10,000.00",,,"June 23, 2024 2:06 PM"
Cellphone Plan,"COP 80,000.00",,,"June 28, 2024 5:35 AM"
Legs Treatment,"COP 50,000.00",,,"July 1, 2024 5:06 AM"
Mom's Phone Plan,"COP 40,000.00",,,"July 1, 2024 6:08 AM"
Payoneer Maintenance,,$30.00,,"July 3, 2024 12:26 AM"
Dancing School Transportation,"COP 20,000.00",,,"July 3, 2024 7:38 AM"
"Snack ","COP 12,000.00",,,"July 13, 2024 5:16 PM"
Mimi,"COP 142,000.00",,,"July 14, 2024 4:57 PM"
"Uber notaría ","COP 22,000.00",,,"July 22, 2024 8:18 PM"
Electricity Service,"COP 600,000.00",,,"August 1, 2024 6:16 AM"
Administration Service,"COP 400,000.00",,,"August 1, 2024 6:51 AM"
Personal Trainer,"COP 250,000.00",,,"August 1, 2024 6:58 AM"
"Groceries ","COP 200,000.00",,,"August 3, 2024 2:10 PM"
"nails oil ","COP 30,000.00",,,"August 7, 2024 8:15 PM"
"Keto cake ","COP 17,000.00",,,"August 10, 2024 8:45 PM"
"Snack ","COP 20,000.00",,,"August 14, 2024 6:13 PM"
"Victoria ","COP 150,000.00",,,"August 16, 2024 4:05 PM"
"Shoes ","COP 40,000.00",,,"August 18, 2024 10:49 PM"
Cat Food,"COP 300,000.00",,,"September 1, 2024 5:49 AM"
Credit Card Debt,"COP 1,500,000.00",,,"September 1, 2024 6:54 AM"
"Bag ","COP 75,000.00",,,"September 3, 2024 7:39 PM"
"Juice ","COP 15,000.00",,,"September 6, 2024 9:24 PM"
"T shirt ","COP 60,000.00",,,"September 8, 2024 9:39 PM"
"Gift gym ","COP 60,000.00",,,"September 14, 2024 1:10 PM"
"Fuel - additional  ","COP 40,000.00",,,"September 23, 2024 12:01 AM"
"Dolex ","COP 16,000.00",,,"October 17, 2024 12:33 AM"
"Grocery - mom1 ","COP 200,000.00",,,"October 17, 2024 12:33 AM"
Batteries,"COP 16,000.00",,,"October 18, 2024 8:25 PM"
"Lunch ","COP 10,000.00",,,"October 24, 2024 4:15 PM"
"Dolex ","COP 30,000.00",,,"November 2, 2024 1:43 AM"
Fuel,"COP 40,000.00",,,"November 5, 2024 12:55 AM"
"Lunch ","COP 40,000.00",,,"November 8, 2024 5:24 PM"
"Juice ","COP 15,000.00",,,"November 8, 2024 5:35 PM"
"Dinner ","COP 19,000.00",,,"November 17, 2024 2:44 AM"
Ice cream,"COP 22,000.00",,,"December 9, 2024 5:36 PM"
dinner,"COP 48,000.00",,,"December 9, 2024 5:47 PM"
"Uber ","COP 20,000.00",,,"December 12, 2024 12:40 AM"
Dermatóloga,"COP 45,700.00",,,"December 12, 2024 6:47 PM"
"Cookies ","COP 30,000.00",,,"December 23, 2024 12:34 AM"
Makeup hair,"COP 130,000.00",,,"December 24, 2024 10:14 PM"
"Uber - hotel ","COP 50,000.00",,,"December 25, 2024 3:28 AM"
"Grocery ","COP 60,000.00",,,"December 27, 2024 5:19 PM"
Dinner,"COP 70,000.00",,,"December 27, 2024 5:29 PM"
"Pharmacy ","COP 60,000.00",,,"December 31, 2024 1:15 AM"
"Rayos x- heller y ginecología ","COP 120,000.00",,,"January 12, 2025 1:35 AM"
"Appointment  ","COP 30,000.00",,,"January 31, 2025 3:21 PM"
"Pan ","COP 30,000.00",,,"February 1, 2025 5:33 PM"
"Guacherna ","COP 350,000.00",,,"February 4, 2025 12:09 AM"
Legs Treatment,"COP 50,000.00",,,"July 1, 2025 5:01 AM"
Pills,"COP 50,000.00",,,"July 1, 2025 5:02 AM"
Water Service,"COP 130,000.00",,,"July 1, 2025 5:05 AM"
Gas Service,"COP 30,000.00",,,"July 1, 2025 5:05 AM"
Personal Trainer,"COP 250,000.00",,,"July 1, 2025 5:05 AM"
Dancing School,"COP 140,000.00",,,"July 1, 2025 5:05 AM"
Cleaning Service,"COP 120,000.00",,,"July 1, 2025 5:05 AM"
Internet + T.V + Phone Service,"COP 130,000.00",,,"July 1, 2025 5:05 AM"
English Professor,"COP 670,000.00",,,"July 1, 2025 5:05 AM"
Mom's Health Insurance,"COP 165,000.00",,,"July 1, 2025 5:05 AM"
Alkomprar #2 Credit,"COP 210,000.00",,,"July 1, 2025 5:05 AM"
Dad's Cemetery Aid,"COP 50,000.00",,,"July 1, 2025 5:05 AM"
Funeral Plan,"COP 20,000.00",,,"July 1, 2025 5:05 AM"
Administration Service,"COP 400,000.00",,,"July 1, 2025 5:05 AM"
Cat Sand,"COP 80,000.00",,,"July 1, 2025 5:05 AM"
Car's Fuel,"COP 180,000.00",,,"July 1, 2025 5:05 AM"
Dancing School Transportation,"COP 20,000.00",,,"July 2, 2025 5:00 AM"
Valentina's Gym Loan,"COP 122,500.00",,,"July 3, 2025 5:01 AM"
Dancing School Transportation,"COP 20,000.00",,,"July 9, 2025 5:01 AM"
Epilator,"COP 75,000.00",,,"July 11, 2025 5:01 AM"
Mom's Dental Treatment,"COP 1,000,000.00",,,"July 15, 2025 5:01 AM"
Gym,"COP 160,000.00",,,"July 15, 2025 5:02 AM"
Dancing School Transportation ch,"COP 20,000.00",,,"July 16, 2025 5:01 AM"
Dancing School Transportation,"COP 20,000.00",,,"July 23, 2025 5:03 AM"
Epilator,"COP 75,000.00",,,"July 25, 2025 5:05 AM"
Cellphone Plan,"COP 80,000.00",,,"July 28, 2025 5:01 AM"
Dancing School Transportation,"COP 20,000.00",,,"July 30, 2025 5:03 AM"
Cat Food,"COP 300,000.00",,,"August 1, 2025 5:01 AM"
Galleta's Parasite Medicine,"COP 50,000.00",,,"August 1, 2025 5:01 AM"
Dad's Cemetery Aid,"COP 50,000.00",,,"August 1, 2025 5:01 AM"
"House Tax ","COP 220,000.00",,,"August 1, 2025 5:01 AM"
Alkomprar #2 Credit,"COP 210,000.00",,,"August 1, 2025 5:01 AM"
Credit Card Debt,"COP 1,500,000.00",,,"August 1, 2025 5:01 AM"
Dancing School,"COP 140,000.00",,,"August 1, 2025 5:02 AM"
Cleaning Service,"COP 120,000.00",,,"August 1, 2025 5:02 AM"
Electricity Service,"COP 600,000.00",,,"August 1, 2025 5:02 AM"
Gas Service,"COP 30,000.00",,,"August 1, 2025 5:02 AM"
Mom's Health Insurance,"COP 165,000.00",,,"August 1, 2025 5:02 AM"
Legs Treatment,"COP 50,000.00",,,"August 1, 2025 5:05 AM"
Pills,"COP 50,000.00",,,"August 1, 2025 5:05 AM"
Internet + T.V + Phone Service,"COP 130,000.00",,,"August 1, 2025 5:06 AM"
Mom's Phone Plan,"COP 40,000.00",,,"August 1, 2025 5:06 AM"
Nails,"COP 150,000.00",,,"August 1, 2025 5:06 AM"
Funeral Plan,"COP 20,000.00",,,"August 1, 2025 5:06 AM"
Administration Service,"COP 400,000.00",,,"August 1, 2025 5:06 AM"
Personal Trainer,"COP 250,000.00",,,"August 1, 2025 5:06 AM"
Water Service,"COP 130,000.00",,,"August 1, 2025 5:06 AM"
Cat Sand,"COP 80,000.00",,,"August 1, 2025 5:06 AM"
Car's Fuel,"COP 180,000.00",,,"August 1, 2025 5:06 AM"
English Professor,"COP 670,000.00",,,"August 1, 2025 5:06 AM"
Valentina's Gym Loan,"COP 122,500.00",,,"August 3, 2025 5:01 AM"
Dancing School Transportation,"COP 20,000.00",,,"August 6, 2025 5:03 AM"
Epilator,"COP 75,000.00",,,"August 8, 2025 5:03 AM"
Dancing School Transportation,"COP 20,000.00",,,"August 13, 2025 5:04 AM"
Dad's Flowers,"COP 60,000.00",,,"August 15, 2025 5:00 AM"
Mom's Dental Treatment,"COP 1,000,000.00",,,"August 15, 2025 5:05 AM"
Gym,"COP 160,000.00",,,"August 15, 2025 5:05 AM"
Dancing School Transportation,"COP 20,000.00",,,"August 20, 2025 5:36 AM"
Epilator,"COP 75,000.00",,,"August 22, 2025 5:01 AM"
Dancing School Transportation,"COP 20,000.00",,,"August 27, 2025 5:00 AM"
Cellphone Plan,"COP 80,000.00",,,"August 28, 2025 5:05 AM"
Legs Treatment,"COP 50,000.00",,,"September 1, 2025 5:01 AM"
Pills,"COP 50,000.00",,,"September 1, 2025 5:01 AM"
Cats’ Funeral Insurance,"COP 140,000.00",,,"September 1, 2025 5:01 AM"
Administration Service,"COP 400,000.00",,,"September 1, 2025 5:07 AM"
Cat Sand,"COP 80,000.00",,,"September 1, 2025 5:07 AM"
Mom's Health Insurance,"COP 165,000.00",,,"September 1, 2025 5:07 AM"
Gas Service,"COP 30,000.00",,,"September 1, 2025 5:07 AM"
Dancing School,"COP 140,000.00",,,"September 1, 2025 5:07 AM"
Cat Food,"COP 300,000.00",,,"September 1, 2025 5:07 AM"
Mom's Phone Plan,"COP 40,000.00",,,"September 1, 2025 5:07 AM"
"House Tax ","COP 220,000.00",,,"September 1, 2025 5:07 AM"
Credit Card Debt,"COP 1,500,000.00",,,"September 1, 2025 5:07 AM"
Hair Saloon,"COP 100,000.00",,,"September 1, 2025 5:07 AM"
Dad's Cemetery Aid,"COP 50,000.00",,,"September 1, 2025 5:07 AM"
Internet + T.V + Phone Service,"COP 130,000.00",,,"September 1, 2025 5:07 AM"
Personal Trainer,"COP 250,000.00",,,"September 1, 2025 5:07 AM"
English Professor,"COP 670,000.00",,,"September 1, 2025 5:07 AM"
Water Service,"COP 130,000.00",,,"September 1, 2025 5:07 AM"
Car's Fuel,"COP 180,000.00",,,"September 1, 2025 5:07 AM"
Electricity Service,"COP 600,000.00",,,"September 1, 2025 5:07 AM"
Funeral Plan,"COP 20,000.00",,,"September 1, 2025 5:07 AM"
Nails,"COP 150,000.00",,,"September 1, 2025 5:07 AM"
Alkomprar #2 Credit,"COP 210,000.00",,,"September 1, 2025 5:07 AM"
Cleaning Service,"COP 120,000.00",,,"September 1, 2025 5:07 AM"
Valentina's Gym Loan,"COP 122,500.00",,,"September 3, 2025 5:04 AM"
Dancing School Transportation,"COP 20,000.00",,,"September 3, 2025 5:04 AM"
Epilator,"COP 75,000.00",,,"September 5, 2025 5:01 AM"
Dancing School Transportation,"COP 20,000.00",,,"September 10, 2025 5:01 AM"
Gym,"COP 160,000.00",,,"September 15, 2025 5:00 AM"
Mom's Dental Treatment,"COP 1,000,000.00",,,"September 15, 2025 5:00 AM"
Dancing School Transportation,"COP 20,000.00",,,"September 17, 2025 5:03 AM"
Epilator,"COP 75,000.00",,,"September 19, 2025 5:04 AM"
Dancing School Transportation,"COP 20,000.00",,,"September 24, 2025 4:59 AM"
Kika's Insurance,"COP 600,000.00",,,"September 28, 2025 5:03 AM"
Cellphone Plan,"COP 80,000.00",,,"September 28, 2025 5:04 AM"
Dancing School Transportation,"COP 20,000.00",,,"October 1, 2025 5:00 AM"
Legs Treatment,"COP 50,000.00",,,"October 1, 2025 5:04 AM"
Pills,"COP 50,000.00",,,"October 1, 2025 5:05 AM"
Mom's Health Insurance,"COP 165,000.00",,,"October 1, 2025 5:06 AM"
Internet + T.V + Phone Service,"COP 130,000.00",,,"October 1, 2025 5:06 AM"
Administration Service,"COP 400,000.00",,,"October 1, 2025 5:06 AM"
Alkomprar #2 Credit,"COP 210,000.00",,,"October 1, 2025 5:06 AM"
"House Tax ","COP 220,000.00",,,"October 1, 2025 5:06 AM"
Cleaning Service,"COP 120,000.00",,,"October 1, 2025 5:06 AM"
Personal Trainer,"COP 250,000.00",,,"October 1, 2025 5:06 AM"
Mom's Phone Plan,"COP 40,000.00",,,"October 1, 2025 5:06 AM"
Car's Fuel,"COP 180,000.00",,,"October 1, 2025 5:06 AM"
Dad's Cemetery Aid,"COP 50,000.00",,,"October 1, 2025 5:06 AM"
Dancing School,"COP 140,000.00",,,"October 1, 2025 5:06 AM"
Cat Food,"COP 300,000.00",,,"October 1, 2025 5:06 AM"
Cat Sand,"COP 80,000.00",,,"October 1, 2025 5:06 AM"
Water Service,"COP 130,000.00",,,"October 1, 2025 5:06 AM"
Funeral Plan,"COP 20,000.00",,,"October 1, 2025 5:06 AM"
Galleta's Parasite Medicine,"COP 50,000.00",,,"October 1, 2025 5:06 AM"
English Professor,"COP 670,000.00",,,"October 1, 2025 5:06 AM"
Credit Card Debt,"COP 1,500,000.00",,,"October 1, 2025 5:06 AM"
Gas Service,"COP 30,000.00",,,"October 1, 2025 5:06 AM"
Electricity Service,"COP 600,000.00",,,"October 1, 2025 5:06 AM"
Nails,"COP 150,000.00",,,"October 1, 2025 5:06 AM"
Valentina's Gym Loan,"COP 122,500.00",,,"October 3, 2025 5:01 AM"
Epilator,"COP 75,000.00",,,"October 3, 2025 5:05 AM"
Dancing School Transportation,"COP 20,000.00",,,"October 8, 2025 5:00 AM"
Gym,"COP 160,000.00",,,"October 15, 2025 5:04 AM"
Dad's Flowers,"COP 60,000.00",,,"October 15, 2025 5:05 AM"
Mom's Dental Treatment,"COP 1,000,000.00",,,"October 15, 2025 5:05 AM"
Dancing School Transportation,"COP 20,000.00",,,"October 15, 2025 5:05 AM"
Epilator,"COP 75,000.00",,,"October 17, 2025 5:02 AM"
Dancing School Transportation,"COP 20,000.00",,,"October 22, 2025 5:02 AM"
Cellphone Plan,"COP 80,000.00",,,"October 28, 2025 5:05 AM"
Dancing School Transportation,"COP 20,000.00",,,"October 29, 2025 4:59 AM"
Epilator,"COP 75,000.00",,,"October 31, 2025 5:04 AM"
Pills,"COP 50,000.00",,,"November 1, 2025 5:03 AM"
Legs Treatment,"COP 50,000.00",,,"November 1, 2025 5:03 AM"
Internet + T.V + Phone Service,"COP 130,000.00",,,"November 1, 2025 5:04 AM"
Cleaning Service,"COP 120,000.00",,,"November 1, 2025 5:04 AM"
Water Service,"COP 130,000.00",,,"November 1, 2025 5:04 AM"
Credit Card Debt,"COP 1,500,000.00",,,"November 1, 2025 5:04 AM"
Personal Trainer,"COP 250,000.00",,,"November 1, 2025 5:04 AM"
Administration Service,"COP 400,000.00",,,"November 1, 2025 5:04 AM"
"House Tax ","COP 220,000.00",,,"November 1, 2025 5:04 AM"
Mom's Phone Plan,"COP 40,000.00",,,"November 1, 2025 5:04 AM"
Nails,"COP 150,000.00",,,"November 1, 2025 5:04 AM"
Funeral Plan,"COP 20,000.00",,,"November 1, 2025 5:04 AM"
English Professor,"COP 670,000.00",,,"November 1, 2025 5:04 AM"
Alkomprar #2 Credit,"COP 210,000.00",,,"November 1, 2025 5:04 AM"
Gas Service,"COP 30,000.00",,,"November 1, 2025 5:04 AM"
Dancing School,"COP 140,000.00",,,"November 1, 2025 5:04 AM"
Electricity Service,"COP 600,000.00",,,"November 1, 2025 5:04 AM"
Cat Food,"COP 300,000.00",,,"November 1, 2025 5:04 AM"
Mom's Health Insurance,"COP 165,000.00",,,"November 1, 2025 5:04 AM"
Cat Sand,"COP 80,000.00",,,"November 1, 2025 5:04 AM"
Car's Fuel,"COP 180,000.00",,,"November 1, 2025 5:04 AM"
Dad's Cemetery Aid,"COP 50,000.00",,,"November 1, 2025 5:04 AM"
Valentina's Gym Loan,"COP 122,500.00",,,"November 3, 2025 5:31 AM"
Dancing School Transportation,"COP 20,000.00",,,"November 5, 2025 5:35 AM"
Dancing School Transportation,"COP 20,000.00",,,"November 12, 2025 5:05 AM"
Epilator,"COP 75,000.00",,,"November 14, 2025 5:37 AM"
Gym,"COP 160,000.00",,,"November 15, 2025 5:39 AM"
Mom's Dental Treatment,"COP 1,000,000.00",,,"November 15, 2025 5:39 AM"
Dancing School Transportation,"COP 20,000.00",,,"November 19, 2025 5:30 AM"
Dancing School Transportation,"COP 20,000.00",,,"November 26, 2025 5:52 AM"
Epilator,"COP 75,000.00",,,"November 28, 2025 5:42 AM"
Cellphone Plan,"COP 80,000.00",,,"November 28, 2025 5:51 AM"
Pills,"COP 50,000.00",,,"December 1, 2025 5:37 AM"
Legs Treatment,"COP 50,000.00",,,"December 1, 2025 5:53 AM"
Electricity Service,"COP 600,000.00",,,"December 1, 2025 5:56 AM"
Alkomprar #2 Credit,"COP 210,000.00",,,"December 1, 2025 5:56 AM"
Gas Service,"COP 30,000.00",,,"December 1, 2025 5:56 AM"
Car's Fuel,"COP 180,000.00",,,"December 1, 2025 5:56 AM"
Nails,"COP 150,000.00",,,"December 1, 2025 5:56 AM"
Hair Saloon,"COP 100,000.00",,,"December 1, 2025 5:56 AM"
Dad's Cemetery Aid,"COP 50,000.00",,,"December 1, 2025 5:56 AM"
Cat Food,"COP 300,000.00",,,"December 1, 2025 5:57 AM"
Galleta's Parasite Medicine,"COP 50,000.00",,,"December 1, 2025 5:57 AM"
Funeral Plan,"COP 20,000.00",,,"December 1, 2025 5:57 AM"
Water Service,"COP 130,000.00",,,"December 1, 2025 5:57 AM"
"House Tax ","COP 220,000.00",,,"December 1, 2025 5:57 AM"
English Professor,"COP 670,000.00",,,"December 1, 2025 5:57 AM"
Credit Card Debt,"COP 1,500,000.00",,,"December 1, 2025 5:57 AM"
Internet + T.V + Phone Service,"COP 130,000.00",,,"December 1, 2025 5:57 AM"
Mom's Phone Plan,"COP 40,000.00",,,"December 1, 2025 5:57 AM"
Dancing School,"COP 140,000.00",,,"December 1, 2025 5:57 AM"
Cleaning Service,"COP 120,000.00",,,"December 1, 2025 5:57 AM"
Cat Sand,"COP 80,000.00",,,"December 1, 2025 5:57 AM"
Mom's Health Insurance,"COP 165,000.00",,,"December 1, 2025 5:57 AM"
Administration Service,"COP 400,000.00",,,"December 1, 2025 5:57 AM"
Personal Trainer,"COP 250,000.00",,,"December 1, 2025 5:57 AM"
Dancing School Transportation,"COP 20,000.00",,,"December 3, 2025 5:16 AM"
Valentina's Gym Loan,"COP 122,500.00",,,"December 3, 2025 5:21 AM"
Dancing School Transportation,"COP 20,000.00",,,"December 10, 2025 5:04 AM"
Epilator,"COP 75,000.00",,,"December 12, 2025 5:18 AM"
Mom's Dental Treatment,"COP 1,000,000.00",,,"December 15, 2025 5:11 AM"
Christmas Gifts For Employees,"COP 200,000.00",,,"December 15, 2025 5:29 AM"
Gym,"COP 160,000.00",,,"December 15, 2025 5:30 AM"
Dad's Flowers,"COP 60,000.00",,,"December 15, 2025 5:37 AM"
Dancing School Transportation,"COP 20,000.00",,,"December 17, 2025 5:09 AM"
Newspaper Subscription,"COP 200,000.00",,,"December 23, 2025 5:16 AM"
Dancing School Transportation,"COP 20,000.00",,,"December 24, 2025 5:11 AM"
Epilator,"COP 75,000.00",,,"December 26, 2025 5:10 AM"
Cellphone Plan,"COP 80,000.00",,,"December 28, 2025 5:25 AM"
Dancing School Transportation,"COP 20,000.00",,,"December 31, 2025 5:02 AM"
Legs Treatment,"COP 50,000.00",,,"January 1, 2026 5:18 AM"
Dad's Cemetery Aid,"COP 50,000.00",,,"January 1, 2026 5:21 AM"
Cat Food,"COP 300,000.00",,,"January 1, 2026 5:21 AM"
"House Tax ","COP 220,000.00",,,"January 1, 2026 5:21 AM"
Funeral Plan,"COP 20,000.00",,,"January 1, 2026 5:21 AM"
Cat Sand,"COP 80,000.00",,,"January 1, 2026 5:21 AM"
Car's Fuel,"COP 180,000.00",,,"January 1, 2026 5:21 AM"
Administration Service,"COP 400,000.00",,,"January 1, 2026 5:21 AM"
Personal Trainer,"COP 250,000.00",,,"January 1, 2026 5:21 AM"
Pills,"COP 50,000.00",,,"January 1, 2026 5:25 AM"
Nails,"COP 150,000.00",,,"January 1, 2026 5:29 AM"
Water Service,"COP 130,000.00",,,"January 1, 2026 5:29 AM"
Alkomprar #2 Credit,"COP 210,000.00",,,"January 1, 2026 5:29 AM"
Mom's Phone Plan,"COP 40,000.00",,,"January 1, 2026 5:29 AM"
Electricity Service,"COP 600,000.00",,,"January 1, 2026 5:29 AM"
Gas Service,"COP 30,000.00",,,"January 1, 2026 5:29 AM"
Cleaning Service,"COP 120,000.00",,,"January 1, 2026 5:29 AM"
Mom's Health Insurance,"COP 165,000.00",,,"January 1, 2026 5:29 AM"
English Professor,"COP 670,000.00",,,"January 1, 2026 5:29 AM"
Internet + T.V + Phone Service,"COP 130,000.00",,,"January 1, 2026 5:29 AM"
Dancing School,"COP 140,000.00",,,"January 1, 2026 5:29 AM"
Credit Card Debt,"COP 1,500,000.00",,,"January 1, 2026 5:29 AM"
Valentina's Gym Loan,"COP 122,500.00",,,"January 3, 2026 5:19 AM"
Dancing School Transportation,"COP 20,000.00",,,"January 7, 2026 5:03 AM"
Epilator,"COP 75,000.00",,,"January 9, 2026 5:02 AM"
Dancing School Transportation,"COP 20,000.00",,,"January 14, 2026 5:37 AM"
Gym,"COP 160,000.00",,,"January 15, 2026 5:23 AM"
Mom's Dental Treatment,"COP 1,000,000.00",,,"January 15, 2026 5:24 AM"
Dancing School Transportation,"COP 20,000.00",,,"January 21, 2026 5:25 AM"
Epilator,"COP 75,000.00",,,"January 23, 2026 5:19 AM"
Car's Tax,"COP 1,000,000.00",,,"January 28, 2026 5:09 AM"
Dancing School Transportation,"COP 20,000.00",,,"January 28, 2026 5:27 AM"
Cellphone Plan,"COP 80,000.00",,,"January 28, 2026 5:29 AM"
Pills,"COP 50,000.00",,,"February 1, 2026 5:03 AM"
Legs Treatment,"COP 50,000.00",,,"February 1, 2026 5:17 AM"
"House Tax ","COP 220,000.00",,,"February 1, 2026 5:30 AM"
Internet + T.V + Phone Service,"COP 130,000.00",,,"February 1, 2026 5:30 AM"
Cleaning Service,"COP 120,000.00",,,"February 1, 2026 5:30 AM"
Credit Card Debt,"COP 1,500,000.00",,,"February 1, 2026 5:30 AM"
Mom's Health Insurance,"COP 165,000.00",,,"February 1, 2026 5:30 AM"
Cat Sand,"COP 80,000.00",,,"February 1, 2026 5:30 AM"
Alkomprar #2 Credit,"COP 210,000.00",,,"February 1, 2026 5:30 AM"
Electricity Service,"COP 600,000.00",,,"February 1, 2026 5:30 AM"
Funeral Plan,"COP 20,000.00",,,"February 1, 2026 5:30 AM"
Gas Service,"COP 30,000.00",,,"February 1, 2026 5:30 AM"
Galleta's Parasite Medicine,"COP 50,000.00",,,"February 1, 2026 5:30 AM"
Nails,"COP 150,000.00",,,"February 1, 2026 5:30 AM"
Personal Trainer,"COP 250,000.00",,,"February 1, 2026 5:30 AM"
Dad's Cemetery Aid,"COP 50,000.00",,,"February 1, 2026 5:30 AM"
Car's Fuel,"COP 180,000.00",,,"February 1, 2026 5:30 AM"
Water Service,"COP 130,000.00",,,"February 1, 2026 5:30 AM"
Cat Food,"COP 300,000.00",,,"February 1, 2026 5:30 AM"
Administration Service,"COP 400,000.00",,,"February 1, 2026 5:30 AM"
English Professor,"COP 670,000.00",,,"February 1, 2026 5:30 AM"
Dancing School,"COP 140,000.00",,,"February 1, 2026 5:30 AM"
Mom's Phone Plan,"COP 40,000.00",,,"February 1, 2026 5:30 AM"
Valentina's Gym Loan,"COP 122,500.00",,,"February 3, 2026 5:00 AM"
Dancing School Transportation,"COP 20,000.00",,,"February 4, 2026 5:20 AM"
Epilator,"COP 75,000.00",,,"February 6, 2026 5:13 AM"
Dancing School Transportation,"COP 20,000.00",,,"February 11, 2026 5:14 AM"
Gym,"COP 160,000.00",,,"February 15, 2026 5:11 AM"
Dad's Flowers,"COP 60,000.00",,,"February 15, 2026 5:11 AM"
Mom's Dental Treatment,"COP 1,000,000.00",,,"February 15, 2026 5:18 AM"
Dancing School Transportation,"COP 20,000.00",,,"February 18, 2026 5:14 AM"
Epilator,"COP 75,000.00",,,"February 20, 2026 5:23 AM"
Car's SOAT,"COP 500,000.00",,,"February 25, 2026 5:01 AM"
Dancing School Transportation,"COP 20,000.00",,,"February 25, 2026 5:02 AM"
Car's Insurance,"COP 3,500,000.00",,,"February 28, 2026 5:15 AM"
Cellphone Plan,"COP 80,000.00",,,"February 28, 2026 5:24 AM"
Legs Treatment,"COP 50,000.00",,,"March 1, 2026 5:11 AM"
Cats’ Funeral Insurance,"COP 140,000.00",,,"March 1, 2026 5:11 AM"
Pills,"COP 50,000.00",,,"March 1, 2026 5:12 AM"
Dad's Cemetery Aid,"COP 50,000.00",,,"March 1, 2026 5:25 AM"
Cat Food,"COP 300,000.00",,,"March 1, 2026 5:25 AM"
Alkomprar #2 Credit,"COP 210,000.00",,,"March 1, 2026 5:25 AM"
Funeral Plan,"COP 20,000.00",,,"March 1, 2026 5:25 AM"
Cleaning Service,"COP 120,000.00",,,"March 1, 2026 5:25 AM"
Nails,"COP 150,000.00",,,"March 1, 2026 5:25 AM"
Credit Card Debt,"COP 1,500,000.00",,,"March 1, 2026 5:25 AM"
Dancing School,"COP 140,000.00",,,"March 1, 2026 5:25 AM"
Cat Sand,"COP 80,000.00",,,"March 1, 2026 5:25 AM"
Mom's Health Insurance,"COP 165,000.00",,,"March 1, 2026 5:25 AM"
Water Service,"COP 130,000.00",,,"March 1, 2026 5:25 AM"
Hair Saloon,"COP 100,000.00",,,"March 1, 2026 5:25 AM"
"House Tax ","COP 220,000.00",,,"March 1, 2026 5:25 AM"
Mom's Phone Plan,"COP 40,000.00",,,"March 1, 2026 5:25 AM"
English Professor,"COP 670,000.00",,,"March 1, 2026 5:25 AM"
Internet + T.V + Phone Service,"COP 130,000.00",,,"March 1, 2026 5:25 AM"
Car's Fuel,"COP 180,000.00",,,"March 1, 2026 5:25 AM"
Personal Trainer,"COP 250,000.00",,,"March 1, 2026 5:25 AM"
Administration Service,"COP 400,000.00",,,"March 1, 2026 5:25 AM"
Gas Service,"COP 30,000.00",,,"March 1, 2026 5:25 AM"
Electricity Service,"COP 600,000.00",,,"March 1, 2026 5:25 AM"
Valentina's Gym Loan,"COP 122,500.00",,,"March 3, 2026 5:21 AM"
Dancing School Transportation,"COP 20,000.00",,,"March 4, 2026 5:07 AM"
Epilator,"COP 75,000.00",,,"March 6, 2026 5:08 AM"
Car Maintenance Check,"COP 600,000.00",,,"March 9, 2026 5:00 AM"
Dancing School Transportation,"COP 20,000.00",,,"March 11, 2026 5:00 AM"
Gym,"COP 160,000.00",,,"March 15, 2026 5:00 AM"
Mom's Dental Treatment,"COP 1,000,000.00",,,"March 15, 2026 5:01 AM"
Dancing School Transportation,"COP 20,000.00",,,"March 18, 2026 5:00 AM"
Epilator,"COP 75,000.00",,,"March 20, 2026 5:00 AM"
Dancing School Transportation,"COP 20,000.00",,,"March 25, 2026 5:00 AM"
Kika's Insurance,"COP 600,000.00",,,"March 28, 2026 5:01 AM"
Cellphone Plan,"COP 80,000.00",,,"March 28, 2026 5:01 AM"
Legs Treatment,"COP 50,000.00",,,"April 1, 2026 5:00 AM"
Pills,"COP 50,000.00",,,"April 1, 2026 5:00 AM"
Cat Food,"COP 300,000.00",,,"April 1, 2026 5:02 AM"
Nails,"COP 150,000.00",,,"April 1, 2026 5:02 AM"
Credit Card Debt,"COP 1,500,000.00",,,"April 1, 2026 5:02 AM"
Dancing School,"COP 140,000.00",,,"April 1, 2026 5:02 AM"
Mom's Phone Plan,"COP 40,000.00",,,"April 1, 2026 5:02 AM"
Cat Sand,"COP 80,000.00",,,"April 1, 2026 5:02 AM"
Car's Fuel,"COP 180,000.00",,,"April 1, 2026 5:02 AM"
"House Tax ","COP 220,000.00",,,"April 1, 2026 5:02 AM"
Water Service,"COP 130,000.00",,,"April 1, 2026 5:02 AM"
Funeral Plan,"COP 20,000.00",,,"April 1, 2026 5:02 AM"
Internet + T.V + Phone Service,"COP 130,000.00",,,"April 1, 2026 5:02 AM"
Personal Trainer,"COP 250,000.00",,,"April 1, 2026 5:02 AM"
Cleaning Service,"COP 120,000.00",,,"April 1, 2026 5:02 AM"
Alkomprar #2 Credit,"COP 210,000.00",,,"April 1, 2026 5:02 AM"
Gas Service,"COP 30,000.00",,,"April 1, 2026 5:02 AM"
Galleta's Parasite Medicine,"COP 50,000.00",,,"April 1, 2026 5:02 AM"
Electricity Service,"COP 600,000.00",,,"April 1, 2026 5:02 AM"
Dad's Cemetery Aid,"COP 50,000.00",,,"April 1, 2026 5:02 AM"
Administration Service,"COP 400,000.00",,,"April 1, 2026 5:02 AM"
Dancing School Transportation,"COP 20,000.00",,,"April 1, 2026 5:02 AM"
English Professor,"COP 670,000.00",,,"April 1, 2026 5:02 AM"
Mom's Health Insurance,"COP 165,000.00",,,"April 1, 2026 5:02 AM"
Epilator,"COP 75,000.00",,,"April 3, 2026 5:00 AM"
Valentina's Gym Loan,"COP 122,500.00",,,"April 3, 2026 5:01 AM"
Dancing School Transportation,"COP 20,000.00",,,"April 8, 2026 5:00 AM"
Dad's Flowers,"COP 60,000.00",,,"April 15, 2026 5:01 AM"
Dancing School Transportation,"COP 20,000.00",,,"April 15, 2026 5:01 AM"
Gym,"COP 160,000.00",,,"April 15, 2026 5:01 AM"
Mom's Dental Treatment,"COP 1,000,000.00",,,"April 15, 2026 5:01 AM"
Epilator,"COP 75,000.00",,,"April 17, 2026 5:03 AM"
Dancing School Transportation,"COP 20,000.00",,,"April 22, 2026 5:00 AM"
Cellphone Plan,"COP 80,000.00",,,"April 28, 2026 5:02 AM"
Dancing School Transportation,"COP 20,000.00",,,"April 29, 2026 5:01 AM"
Legs Treatment,"COP 50,000.00",,,"May 1, 2026 4:59 AM"
Pills,"COP 50,000.00",,,"May 1, 2026 5:01 AM"
Epilator,"COP 75,000.00",,,"May 1, 2026 5:01 AM"
English Professor,"COP 670,000.00",,,"May 1, 2026 5:02 AM"
Cat Food,"COP 300,000.00",,,"May 1, 2026 5:02 AM"
Mom's Phone Plan,"COP 40,000.00",,,"May 1, 2026 5:02 AM"
Car's Fuel,"COP 180,000.00",,,"May 1, 2026 5:02 AM"
Water Service,"COP 130,000.00",,,"May 1, 2026 5:02 AM"
"House Tax ","COP 220,000.00",,,"May 1, 2026 5:02 AM"
Nails,"COP 150,000.00",,,"May 1, 2026 5:02 AM"
Mom's Health Insurance,"COP 165,000.00",,,"May 1, 2026 5:02 AM"
Dad's Cemetery Aid,"COP 50,000.00",,,"May 1, 2026 5:02 AM"
Internet + T.V + Phone Service,"COP 130,000.00",,,"May 1, 2026 5:02 AM"
Funeral Plan,"COP 20,000.00",,,"May 1, 2026 5:02 AM"
Alkomprar #2 Credit,"COP 210,000.00",,,"May 1, 2026 5:02 AM"
Personal Trainer,"COP 250,000.00",,,"May 1, 2026 5:02 AM"
Administration Service,"COP 400,000.00",,,"May 1, 2026 5:02 AM"
Gas Service,"COP 30,000.00",,,"May 1, 2026 5:02 AM"
Credit Card Debt,"COP 1,500,000.00",,,"May 1, 2026 5:02 AM"
Cat Sand,"COP 80,000.00",,,"May 1, 2026 5:02 AM"
Dancing School,"COP 140,000.00",,,"May 1, 2026 5:02 AM"
Cleaning Service,"COP 120,000.00",,,"May 1, 2026 5:02 AM"
Electricity Service,"COP 600,000.00",,,"May 1, 2026 5:02 AM"
Valentina's Gym Loan,"COP 122,500.00",,,"May 3, 2026 5:00 AM"
Dancing School Transportation,"COP 20,000.00",,,"May 6, 2026 5:01 AM"
Dancing School Transportation,"COP 20,000.00",,,"May 13, 2026 5:01 AM"
Epilator,"COP 75,000.00",,,"May 15, 2026 5:01 AM"
Gym,"COP 160,000.00",,,"May 15, 2026 5:02 AM"
Mom's Dental Treatment,"COP 1,000,000.00",,,"May 15, 2026 5:02 AM"
Dancing School Transportation,"COP 20,000.00",,,"May 20, 2026 5:00 AM"
Dancing School Transportation,"COP 20,000.00",,,"May 27, 2026 5:01 AM"
Cellphone Plan,"COP 80,000.00",,,"May 28, 2026 5:02 AM"
Epilator,"COP 75,000.00",,,"May 29, 2026 5:00 AM"
Pills,"COP 50,000.00",,,"June 1, 2026 5:00 AM"
Legs Treatment,"COP 50,000.00",,,"June 1, 2026 5:00 AM"
Credit Card Debt,"COP 1,500,000.00",,,"June 1, 2026 5:03 AM"
Dancing School,"COP 140,000.00",,,"June 1, 2026 5:03 AM"
Mom's Health Insurance,"COP 165,000.00",,,"June 1, 2026 5:03 AM"
Nails,"COP 150,000.00",,,"June 1, 2026 5:03 AM"
Cat Food,"COP 300,000.00",,,"June 1, 2026 5:03 AM"
English Professor,"COP 670,000.00",,,"June 1, 2026 5:03 AM"
Personal Trainer,"COP 250,000.00",,,"June 1, 2026 5:03 AM"
Funeral Plan,"COP 20,000.00",,,"June 1, 2026 5:03 AM"
Cat Sand,"COP 80,000.00",,,"June 1, 2026 5:03 AM"
Electricity Service,"COP 600,000.00",,,"June 1, 2026 5:03 AM"
Galleta's Parasite Medicine,"COP 50,000.00",,,"June 1, 2026 5:03 AM"
Administration Service,"COP 400,000.00",,,"June 1, 2026 5:03 AM"
Dad's Cemetery Aid,"COP 50,000.00",,,"June 1, 2026 5:03 AM"
Internet + T.V + Phone Service,"COP 130,000.00",,,"June 1, 2026 5:03 AM"
Gas Service,"COP 30,000.00",,,"June 1, 2026 5:03 AM"
Hair Saloon,"COP 100,000.00",,,"June 1, 2026 5:03 AM"
Car's Fuel,"COP 180,000.00",,,"June 1, 2026 5:03 AM"
Mom's Phone Plan,"COP 40,000.00",,,"June 1, 2026 5:03 AM"
Water Service,"COP 130,000.00",,,"June 1, 2026 5:03 AM"
"House Tax ","COP 220,000.00",,,"June 1, 2026 5:03 AM"
Alkomprar #2 Credit,"COP 210,000.00",,,"June 1, 2026 5:03 AM"
Cleaning Service,"COP 120,000.00",,,"June 1, 2026 5:03 AM"
Valentina's Gym Loan,"COP 122,500.00",,,"June 3, 2026 5:00 AM"
Dancing School Transportation,"COP 20,000.00",,,"June 3, 2026 5:01 AM"
Dancing School Transportation,"COP 20,000.00",,,"June 10, 2026 5:00 AM"
Epilator,"COP 75,000.00",,,"June 12, 2026 5:00 AM"
Gym,"COP 160,000.00",,,"June 15, 2026 5:01 AM"
Mom's Dental Treatment,"COP 1,000,000.00",,,"June 15, 2026 5:01 AM"
Dad's Flowers,"COP 60,000.00",,,"June 15, 2026 5:02 AM"
Dancing School Transportation,"COP 20,000.00",,,"June 17, 2026 5:01 AM"
Newspaper Subscription,"COP 200,000.00",,,"June 23, 2026 5:01 AM"
Dancing School Transportation,"COP 20,000.00",,,"June 24, 2026 5:01 AM"
Epilator,"COP 75,000.00",,,"June 26, 2026 5:02 AM"
Cellphone Plan,"COP 80,000.00",,,"June 28, 2026 5:01 AM"
Mom's Phone Plan,"COP 40,000.00",,,"July 1, 2026 5:02 AM"
English Professor,"COP 670,000.00",,,"July 1, 2026 5:02 AM"
Funeral Plan,"COP 20,000.00",,,"July 1, 2026 5:02 AM"
Nails,"COP 150,000.00",,,"July 1, 2026 5:02 AM"
Credit Card Debt,"COP 1,500,000.00",,,"July 1, 2026 5:02 AM"
Dad's Cemetery Aid,"COP 50,000.00",,,"July 1, 2026 5:02 AM"
Cat Food,"COP 300,000.00",,,"July 1, 2026 5:02 AM"
Cleaning Service,"COP 120,000.00",,,"July 1, 2026 5:02 AM"
Mom's Health Insurance,"COP 165,000.00",,,"July 1, 2026 5:02 AM"
Gas Service,"COP 30,000.00",,,"February 25, 2024 3:36 PM"
Alkomprar #1 Credit,"COP 400,000.00",,,"February 25, 2024 3:36 PM"
Alkomprar #2 Credit,"COP 210,000.00",,,"February 25, 2024 3:36 PM"
Dancing School Transportation,"COP 20,000.00",,,"February 25, 2024 3:37 PM"
Dad's Cemetery Aid,"COP 50,000.00",,,"February 25, 2024 3:38 PM"
Previous Accumulated Expenses Of The Month,"COP 800,000.00",,,"February 25, 2024 3:48 PM"
Tostao@unico,"COP 23,000.00",,,"February 25, 2024 8:19 PM"
"Heller’s transportation ","COP 23,000.00",,,"February 26, 2024 10:05 PM"
Funeral Plan,"COP 20,000.00",,,"February 28, 2024 5:28 AM"
Electricity Service,"COP 600,000.00",,,"February 28, 2024 6:57 AM"
Dancing School,"COP 140,000.00",,,"February 28, 2024 7:10 AM"
Internet + T.V + Phone Service,"COP 130,000.00",,,"February 28, 2024 7:48 AM"
Breakfast @gym,"COP 20,000.00",,,"March 1, 2024 1:01 AM"
Clothes@katy,"COP 28,000.00",,,"March 1, 2024 8:47 PM"
Sandals @calzacosta,"COP 50,000.00",,,"March 3, 2024 1:07 AM"
"groceries @price mart ","COP 107,000.00",,,"March 3, 2024 8:20 PM"
Dancing School Transportation,"COP 20,000.00",,,"March 6, 2024 7:02 AM"
Gas Service,"COP 30,000.00",,,"March 10, 2024 3:26 AM"
Cellphone Plan,"COP 80,000.00",,,"March 10, 2024 3:26 AM"
Funeral Plan,"COP 20,000.00",,,"March 10, 2024 3:26 AM"
Mom's Health Insurance,"COP 165,000.00",,,"March 10, 2024 3:27 AM"
Cat Sand,"COP 80,000.00",,,"March 10, 2024 3:32 AM"
Dad's Cemetery Aid,"COP 50,000.00",,,"March 10, 2024 3:33 AM"
"Dress ","COP 45,000.00",,,"March 16, 2024 2:00 AM"
"Donation @nana ","COP 30,000.00",,,"March 16, 2024 11:07 PM"
"Groceries @Éxito ","COP 320,000.00",,,"March 18, 2024 12:21 AM"
"Gym event ","COP 50,000.00",,,"March 21, 2024 6:43 PM"
"Cheese ","COP 10,000.00",,,"March 21, 2024 6:44 PM"
Epilator,"COP 75,000.00",,,"March 22, 2024 5:34 AM"
"Lasagna ","COP 30,000.00",,,"March 27, 2024 4:52 PM"
"Hair makeup ","COP 80,000.00",,,"March 27, 2024 10:43 PM"
Kika's Insurance,"COP 600,000.00",,,"March 28, 2024 6:53 AM"
Dad's Cemetery Aid,"COP 50,000.00",,,"April 1, 2024 5:11 AM"
Alkomprar #2 Credit,"COP 210,000.00",,,"April 1, 2024 5:13 AM"
House Tax #2,"COP 200,000.00",,,"April 1, 2024 5:37 AM"
Cat Sand,"COP 80,000.00",,,"April 1, 2024 6:06 AM"
Dancing School,"COP 140,000.00",,,"April 1, 2024 6:09 AM"
House Tax #1,"COP 150,000.00",,,"April 1, 2024 6:42 AM"
English Professor,"COP 670,000.00",,,"April 1, 2024 7:04 AM"
Internet + T.V + Phone Service,"COP 130,000.00",,,"April 1, 2024 7:28 AM"
Mom's Health Insurance,"COP 165,000.00",,,"April 1, 2024 7:38 AM"
Dancing School Transportation,"COP 20,000.00",,,"April 3, 2024 5:00 AM"
"Movie ","COP 113,000.00",,,"April 4, 2024 1:02 AM"
Uber @heller,"COP 20,000.00",,,"April 8, 2024 9:30 PM"
"Donation ","COP 20,000.00",,,"April 12, 2024 6:33 PM"
"Cemetery maintenance ","COP 50,000.00",,,"April 12, 2024 8:21 PM"
"ATM ","COP 200,000.00",,,"April 13, 2024 1:15 AM"
"Uber ","COP 32,000.00",,,"April 15, 2024 12:26 AM"
Dad's Flowers,"COP 60,000.00",,,"April 15, 2024 7:41 AM"
"Uber ","COP 7,000.00",,,"April 16, 2024 1:51 PM"
"Uber ","COP 10,000.00",,,"April 18, 2024 12:39 AM"
"Uber @allergy app ","COP 15,000.00",,,"April 19, 2024 6:29 PM"
"Snack ","COP 20,000.00",,,"April 20, 2024 11:17 PM"
"Cable ","COP 20,000.00",,,"April 20, 2024 11:17 PM"
"Price mart ","COP 140,000.00",,,"April 21, 2024 4:49 PM"
"Dinner ","COP 25,000.00",,,"April 21, 2024 10:52 PM"
Dancing School Transportation,"COP 20,000.00",,,"April 24, 2024 7:15 AM"
"Groceries ","COP 60,000.00",,,"April 28, 2024 10:14 PM"
Electricity Service,"COP 600,000.00",,,"May 1, 2024 5:02 AM"
Credit Card Debt,"COP 1,500,000.00",,,"May 1, 2024 5:02 AM"
Car's Fuel,"COP 180,000.00",,,"May 1, 2024 5:02 AM"
House Tax #2,"COP 200,000.00",,,"May 1, 2024 5:02 AM"
Dad's Cemetery Aid,"COP 50,000.00",,,"May 1, 2024 5:02 AM"
House Tax #1,"COP 150,000.00",,,"May 1, 2024 5:02 AM"
Cat Sand,"COP 80,000.00",,,"May 1, 2024 5:02 AM"
Mom's Phone Plan,"COP 40,000.00",,,"May 1, 2024 5:02 AM"
Nails,"COP 130,000.00",,,"May 1, 2024 5:02 AM"
Dinner,"COP 37,000.00",,,"May 2, 2024 12:34 AM"
Bread,"COP 8,000.00",,,"May 2, 2024 1:55 AM"
Epilator,"COP 75,000.00",,,"May 3, 2024 6:42 AM"
"Temu ","COP 100,000.00",,,"May 3, 2024 6:21 PM"
"Cheese ","COP 10,000.00",,,"May 3, 2024 9:01 PM"
"Snack ","COP 30,000.00",,,"May 4, 2024 3:43 PM"
"Mother day - gifts  ","COP 220,000.00",,,"May 6, 2024 1:57 PM"
"Dad’s document ","COP 70,000.00",,,"May 9, 2024 1:56 PM"
Groceries,"COP 300,000.00",,,"May 13, 2024 12:03 AM"
"Snack ","COP 15,000.00",,,"May 17, 2024 5:46 PM"
"Dolarcity ","COP 30,000.00",,,"May 18, 2024 3:52 PM"
Dancing School Transportation,"COP 20,000.00",,,"May 22, 2024 6:18 AM"
"Grocery ","COP 30,000.00",,,"May 24, 2024 1:07 AM"
Galleta's Parasite Medicine,"COP 50,000.00",,,"June 1, 2024 5:02 AM"
Funeral Plan,"COP 20,000.00",,,"June 1, 2024 5:07 AM"
Electricity Service,"COP 600,000.00",,,"June 1, 2024 5:56 AM"
Mom's Health Insurance,"COP 165,000.00",,,"June 1, 2024 6:27 AM"
Cat Food,"COP 300,000.00",,,"June 1, 2024 7:26 AM"
Groceries - sodexo,"COP 230,000.00",,,"June 2, 2024 11:41 PM"
"Drinks ","COP 10,000.00",,,"June 3, 2024 10:37 PM"
"Makro ","COP 40,000.00",,,"June 4, 2024 11:34 PM"
"Dollar city ","COP 15,000.00",,,"June 9, 2024 2:29 AM"
Gym,"COP 160,000.00",,,"June 15, 2024 7:51 AM"
"Snack ","COP 20,000.00",,,"June 16, 2024 8:26 PM"
"Extra uber @heller ","COP 17,000.00",,,"June 17, 2024 10:18 PM"
"Uncle ","COP 10,000.00",,,"June 20, 2024 4:06 PM"
Xavier 10,"COP 10,000.00",,,"June 23, 2024 2:06 PM"
Snack 26,"COP 25,000.00",,,"June 23, 2024 9:57 PM"
"Lunch ","COP 30,000.00",,,"June 28, 2024 11:33 PM"
Cat Food,"COP 300,000.00",,,"July 1, 2024 5:35 AM"
Administration Service,"COP 400,000.00",,,"July 1, 2024 6:10 AM"
Alkomprar #2 Credit,"COP 210,000.00",,,"July 1, 2024 7:24 AM"
Water Service,"COP 130,000.00",,,"July 1, 2024 7:53 AM"
"Pharmacy ","COP 12,000.00",,,"July 1, 2024 1:45 PM"
Price mart,"COP 177,000.00",,,"July 1, 2024 4:55 PM"
"Snack ","COP 22,000.00",,,"July 1, 2024 11:48 PM"
"Snack ","COP 20,000.00",,,"July 2, 2024 8:36 PM"
"Dani until January 2025 ","COP 200,000.00",,,"July 3, 2024 1:14 PM"
"Victoria ","COP 150,000.00",,,"July 3, 2024 5:41 PM"
"Snack ","COP 22,000.00",,,"July 6, 2024 5:52 PM"
"Dinner ","COP 17,000.00",,,"July 7, 2024 12:52 AM"
"Medicine ","COP 30,000.00",,,"July 7, 2024 8:26 PM"
"Uber ","COP 22,000.00",,,"July 9, 2024 10:21 PM"
"Jumbo ","COP 25,000.00",,,"July 10, 2024 1:04 AM"
"Uber ","COP 22,000.00",,,"July 12, 2024 6:36 PM"
"Angela’s gift ","COP 70,000.00",,,"July 13, 2024 4:22 PM"
Dancing School Transportation,"COP 20,000.00",,,"July 17, 2024 5:27 AM"
Fit choices @sofy,"COP 55,000.00",,,"July 18, 2024 2:04 AM"
"Uber @heller ",,,,"July 18, 2024 2:14 AM"
"Groceries ","COP 200,000.00",,,"July 20, 2024 2:46 PM"
Dancing School Transportation,"COP 20,000.00",,,"July 24, 2024 6:24 AM"
"Uber notaría ","COP 20,000.00",,,"July 24, 2024 10:46 PM"
"Uber notary ","COP 7,000.00",,,"July 27, 2024 5:07 PM"
Dancing School Transportation,"COP 20,000.00",,,"July 31, 2024 7:56 AM"
"Uber ","COP 14,000.00",,,"July 31, 2024 2:48 PM"
Alkomprar #2 Credit,"COP 210,000.00",,,"August 1, 2024 6:58 AM"
Dancing School,"COP 140,000.00",,,"August 1, 2024 7:08 AM"
Galleta's Parasite Medicine,"COP 50,000.00",,,"August 1, 2024 7:51 AM"
"Dad’s document ","COP 100,000.00",,,"August 1, 2024 3:27 PM"
"Uber - doctor ","COP 15,000.00",,,"August 1, 2024 4:39 PM"
"Notary ","COP 80,000.00",,,"August 2, 2024 11:18 PM"
"Price mart ","COP 158,000.00",,,"August 3, 2024 10:02 PM"
"Umbrella ","COP 25,000.00",,,"August 4, 2024 11:41 PM"
"Green juice ","COP 16,000.00",,,"August 5, 2024 11:15 PM"
Dancing School Transportation,"COP 20,000.00",,,"August 7, 2024 6:35 AM"
"Snack ","COP 20,000.00",,,"August 7, 2024 8:19 PM"
"Cat feeder ","COP 40,000.00",,,"August 7, 2024 10:24 PM"
Gym,"COP 160,000.00",,,"August 15, 2024 6:15 AM"
"Olímpica ","COP 40,000.00",,,"August 19, 2024 12:51 AM"
Dancing School Transportation,"COP 20,000.00",,,"August 28, 2024 5:30 AM"
"Panamericana ","COP 12,000.00",,,"August 31, 2024 8:05 PM"
"Migue gift ","COP 60,000.00",,,"August 31, 2024 8:06 PM"
Cats’ Funeral Insurance,"COP 140,000.00",,,"September 1, 2024 5:00 AM"
Alkomprar #2 Credit,"COP 210,000.00",,,"September 1, 2024 5:22 AM"
Dad's Cemetery Aid,"COP 50,000.00",,,"September 1, 2024 5:31 AM"
Legs Treatment,"COP 50,000.00",,,"September 1, 2024 6:10 AM"
House Tax #2,"COP 200,000.00",,,"September 1, 2024 6:48 AM"
Cat Sand,"COP 80,000.00",,,"September 1, 2024 7:32 AM"
Mom's Phone Plan,"COP 40,000.00",,,"September 1, 2024 7:54 AM"
"Jean ","COP 130,000.00",,,"September 1, 2024 9:55 PM"
Somo lunch,"COP 90,000.00",,,"September 4, 2024 6:19 PM"
"Uber ","COP 20,000.00",,,"September 11, 2024 9:44 PM"
"Gift -qrvey ","COP 50,000.00",,,"September 13, 2024 3:00 PM"
"Love and friendship gym ","COP 100,000.00",,,"September 14, 2024 1:10 PM"
"Grocery ","COP 230,000.00",,,"September 14, 2024 6:40 PM"
"Pantys ","COP 35,000.00",,,"September 14, 2024 10:08 PM"
"Groceries ","COP 220,000.00",,,"September 21, 2024 5:06 PM"
"Tennis ","COP 194,000.00",,,"September 21, 2024 11:55 PM"
"Uber ","COP 20,000.00",,,"October 16, 2024 11:21 PM"
"Grocery ","COP 210,000.00",,,"October 19, 2024 1:31 PM"
"Suprema ","COP 13,000.00",,,"October 20, 2024 12:44 AM"
"pan ","COP 8,000.00",,,"October 21, 2024 12:03 AM"
"Éxito ","COP 20,000.00",,,"October 22, 2024 1:35 AM"
"Uber ","COP 20,000.00",,,"October 23, 2024 10:40 PM"
"Beach ","COP 91,000.00",,,"October 27, 2024 8:40 PM"
"Toallas ","COP 19,000.00",,,"October 30, 2024 2:09 PM"
"Dinner ","COP 30,000.00",,,"October 31, 2024 1:40 AM"
"Lunch ","COP 20,000.00",,,"October 31, 2024 4:52 PM"
"Agua micelar ","COP 50,000.00",,,"November 3, 2024 2:43 AM"
"Juice ","COP 15,000.00",,,"November 7, 2024 3:18 PM"
"Groceries ","COP 260,000.00",,,"November 9, 2024 1:55 PM"
"Torta Lobito ",,,,"November 9, 2024 3:26 PM"
"Lasagna - tio jaime ","COP 50,000.00",,,"November 9, 2024 3:56 PM"
"Gift ","COP 60,000.00",,,"November 17, 2024 10:43 PM"
"Christmas ","COP 30,000.00",,,"November 17, 2024 11:22 PM"
Appointment,"COP 60,000.00",,,"November 18, 2024 10:31 PM"
"Mom’s cita ","COP 30,000.00",,,"November 19, 2024 10:17 PM"
"Éxito ","COP 35,000.00",,,"November 21, 2024 12:07 AM"
,,,,"November 21, 2024 3:07 PM"
"Moms food ","COP 30,000.00",,,"November 23, 2024 12:55 PM"
"Groceries ","COP 260,000.00",,,"November 23, 2024 12:55 PM"
"Shoes ","COP 100,000.00",,,"November 24, 2024 10:30 PM"
"Uber ","COP 20,000.00",,,"November 25, 2024 5:01 PM"
"Christmas ","COP 739,000.00",,,"November 26, 2024 6:45 PM"
Groceries,"COP 200,000.00",,,"December 9, 2024 5:35 PM"
Groceries,"COP 230,000.00",,,"December 9, 2024 5:40 PM"
uber,"COP 20,000.00",,,"December 9, 2024 5:48 PM"
dinner,"COP 30,000.00",,,"December 9, 2024 5:51 PM"
"Rappi ","COP 30,000.00",,,"December 10, 2024 9:20 PM"
"Snack ","COP 30,000.00",,,"December 12, 2024 9:57 PM"
"Christmas gifts ","COP 480,000.00",,,"December 15, 2024 11:29 PM"
"somo lunch ","COP 151,000.00",,,"December 17, 2024 4:58 PM"
"Pijama ","COP 70,000.00",,,"December 20, 2024 7:59 PM"
"Dinner ","COP 30,000.00",,,"December 22, 2024 11:24 PM"
"New debit card ","COP 20,000.00",,,"December 24, 2024 7:35 PM"
Uber - hair and makeup,"COP 20,000.00",,,"December 24, 2024 7:35 PM"
"Grocery ","COP 200,000.00",,,"December 30, 2024 4:08 AM"
"Buenavista ","COP 160,000.00",,,"January 5, 2025 11:28 PM"
"Pernil ","COP 50,000.00",,,"January 7, 2025 12:23 AM"
"Juice ","COP 20,000.00",,,"January 7, 2025 4:24 PM"
Pernil 2,"COP 60,000.00",,,"January 7, 2025 9:04 PM"
"Uber angela ","COP 20,000.00",,,"January 12, 2025 1:35 AM"
"Bancolombia ","COP 200,000.00",,,"January 27, 2025 8:11 PM"
"Pharmacy ","COP 50,000.00",,,"January 30, 2025 12:03 AM"
Water Service,"COP 130,000.00",,,"July 1, 2026 5:02 AM"
